"PointID","x","y","Adjoint_x","Adjoint_y","Sensitivity_x","Sensitivity_y"
0, 1.000080000000000e+00, 1.257210000000000e-03, 3.827134570241154e-02, -1.658276073328715e-01, -3.345733353291580e-03, -6.531769721711544e-04
1, 9.798550000000000e-01, 5.416750000000000e-03, 8.143236122050601e-02, 2.179207380277043e-01, 2.941825522969621e-03, -2.849913839522156e-04
2, 9.596080000000000e-01, 9.461560000000001e-03, 1.028487064255999e-01, 2.638019496618162e-01, -8.586438598356949e-05, 2.223561362697524e-04
3, 9.393450000000000e-01, 1.339430000000000e-02, 9.106321885180119e-02, 2.999855289918330e-01, -2.769212467326199e-04, 2.829084806821314e-04
4, 9.190670000000000e-01, 1.721730000000000e-02, 9.439861085889990e-02, 4.354949410301335e-01, -1.065232264139127e-04, 3.209330749105455e-04
5, 8.987730000000000e-01, 2.093270000000000e-02, 9.510207795947996e-02, 3.671141010024679e-01, -3.464656889562434e-04, 3.900955148488094e-04
6, 8.784640000000000e-01, 2.454230000000000e-02, 7.642364840913722e-02, 3.357910169685550e-01, -3.129670195392009e-04, 4.165401617672870e-04
7, 8.581410000000000e-01, 2.804760000000000e-02, 3.170344250284585e-02, 2.968366656293158e-01, -4.019770501990649e-04, 4.426309827239017e-04
8, 8.378050000000000e-01, 3.144970000000000e-02, 2.711610029468139e-02, 4.425935430042657e-01, -8.027835774200298e-04, 5.425536169454404e-04
9, 8.174540000000000e-01, 3.474970000000000e-02, 8.006136418194471e-02, 4.658293232121143e-01, -3.949683075248345e-04, 5.602979733261293e-04
10, 7.970910000000000e-01, 3.794800000000000e-02, 5.721769410189217e-02, 3.993456650136341e-01, -6.048069907009790e-04, 6.175055335271296e-04
11, 7.767150000000000e-01, 4.104500000000000e-02, 4.640632514883342e-02, 4.575832485770455e-01, -7.432811463559119e-04, 6.575759261355785e-04
12, 7.563270000000000e-01, 4.404060000000000e-02, 4.944250562653141e-02, 4.632396251861326e-01, -6.380863931454428e-04, 7.156071600764591e-04
13, 7.359270000000000e-01, 4.693450000000000e-02, 5.023514282270108e-02, 4.568258093111910e-01, -8.002518644261158e-04, 7.677513178929729e-04
14, 7.155150000000000e-01, 4.972610000000000e-02, 4.796397581604631e-02, 4.491273864572016e-01, -7.307985891458202e-04, 7.768778918855190e-04
15, 6.950930000000000e-01, 5.241420000000000e-02, 3.407687221539276e-02, 4.299139946065623e-01, -6.284268877934096e-04, 7.775363955708769e-04
16, 6.746590000000000e-01, 5.499760000000000e-02, 2.754898423239387e-02, 4.944182202535464e-01, -7.639031139135000e-04, 8.511389828438354e-04
17, 6.542150000000000e-01, 5.747460000000000e-02, 5.539108218711549e-02, 4.984559640884215e-01, -7.275169329972186e-04, 9.240032798771836e-04
18, 6.337610000000000e-01, 5.984290000000000e-02, 4.385049036746771e-02, 4.498169290463346e-01, -8.785639157267155e-04, 9.483866447976830e-04
19, 6.132970000000000e-01, 6.210030000000000e-02, 4.073770994850135e-02, 4.757220932235822e-01, -8.646510071770308e-04, 9.880465145819528e-04
20, 5.928230000000000e-01, 6.424370000000000e-02, 2.973307385402439e-02, 4.272875319639487e-01, -1.067081033568229e-03, 1.058158970883211e-03
21, 5.723410000000000e-01, 6.627000000000000e-02, -3.425608811307831e-03, 3.609509207979806e-01, -3.066238574781721e-03, 1.242304899506053e-03
22, 5.518500000000000e-01, 6.817540000000000e-02, -4.149931033649336e-03, 1.483646628101755e-01, -8.748204246700197e-03, 1.691967046483001e-03
23, 5.313510000000000e-01, 6.995570000000000e-02, 3.216582707408601e-02, 1.083704474861533e-01, -1.082974220413035e-02, 1.847416547828828e-03
24, 5.108440000000000e-01, 7.160630000000000e-02, 6.586311440238492e-02, 3.667161552342043e-01, -6.236339114600753e-03, 1.684045706816129e-03
25, 4.903300000000000e-01, 7.312210000000000e-02, 6.785037198798709e-02, 5.479390942617793e-01, -3.005951263048701e-03, 1.709490926046442e-03
26, 4.698100000000000e-01, 7.449720000000000e-02, 4.306193637356270e-02, 6.058153655764783e-01, -1.904085442347991e-03, 1.843273315982330e-03
27, 4.492840000000000e-01, 7.572540000000000e-02, 3.202178954881540e-02, 7.203716448211747e-01, -1.549676333645778e-03, 2.122528354917108e-03
28, 4.287520000000000e-01, 7.679970000000000e-02, 3.228273432372029e-02, 7.784926450911183e-01, -9.212632701078860e-04, 2.495914217715445e-03
29, 4.082160000000000e-01, 7.771220000000000e-02, 1.907481430161197e-02, 8.293376918471895e-01, -9.267299735071788e-04, 2.803910217970440e-03
30, 3.875760000000000e-01, 7.844390000000000e-02, 2.068988462819476e-02, 8.725559545364068e-01, -4.910598154310719e-04, 3.232670055123066e-03
31, 3.668650000000000e-01, 7.894160000000000e-02, 1.000645142672190e-02, 9.517054694759256e-01, 3.707815559010896e-04, 3.652314185863759e-03
32, 3.461490000000000e-01, 7.918989999999999e-02, 1.634608814706593e-03, 1.006716359541232e+00, 5.413200292991860e-04, 4.228979246217790e-03
33, 3.254310000000000e-01, 7.917720000000000e-02, -2.486518552458742e-03, 1.038010790245464e+00, 1.158420214402156e-03, 4.810264503777972e-03
34, 3.047140000000000e-01, 7.889030000000000e-02, -2.313788532536117e-02, 1.136422819137898e+00, 2.464518755729728e-03, 5.563713613681021e-03
35, 2.840020000000000e-01, 7.831420000000000e-02, -4.809438098517158e-02, 1.251876340913691e+00, 4.000314670712157e-03, 6.491647308401127e-03
36, 2.632960000000000e-01, 7.743220000000001e-02, -7.997791795737108e-02, 1.365328254429488e+00, 5.602172848806930e-03, 7.576682210617580e-03
37, 2.426010000000000e-01, 7.622460000000000e-02, -1.220068936109238e-01, 1.419995552751205e+00, 5.988429942764384e-03, 8.641175569163551e-03
38, 2.219220000000000e-01, 7.466879999999999e-02, -1.602921450510459e-01, 1.383757842878679e+00, 4.882624105235323e-03, 9.711927598923253e-03
39, 2.012640000000000e-01, 7.273780000000001e-02, -1.742964614931339e-01, 1.212013359562095e+00, 1.606566565410361e-03, 1.043136261044442e-02
40, 1.806310000000000e-01, 7.039890000000000e-02, -1.550763218643910e-01, 9.358138992746196e-01, -3.265450705793427e-03, 1.106561808498441e-02
41, 1.600330000000000e-01, 6.761140000000000e-02, -1.100216045637437e-01, 7.616372055027788e-01, -6.585149214309638e-03, 1.238902272733444e-02
42, 1.394760000000000e-01, 6.432340000000000e-02, -7.870265942338653e-02, 7.309415445995050e-01, -7.285840759958973e-03, 1.445246546304979e-02
43, 1.189730000000000e-01, 6.046550000000000e-02, -1.264132980683761e-01, 8.435853881099817e-01, -6.808415723757122e-03, 1.889682374245538e-02
44, 9.853700000000000e-02, 5.594070000000000e-02, -1.965061727836782e-01, 1.076742734299138e+00, -8.066250260437613e-03, 2.641405225389160e-02
45, 7.818849999999999e-02, 5.060340000000000e-02, -2.508528146742641e-01, 1.334812471436687e+00, -1.289778192689361e-02, 4.030879790856678e-02
46, 5.795880000000000e-02, 4.421300000000000e-02, -1.424379547771623e-01, 1.732879232476869e+00, -2.892949379384202e-02, 7.883575490085315e-02
47, 3.790390000000000e-02, 3.630690000000000e-02, 4.930772181434975e+00, 8.121871898321125e-01, 4.774608916758183e-02, 7.808922298415300e-02
48, 1.815790000000000e-02, 2.570150000000000e-02, 4.093144543694233e-01, 5.402716243118549e-01, 7.236905512422454e-04, 4.450677321635732e-04
49, 0.000000000000000e+00, 0.000000000000000e+00, 1.971806771111447e-01, -1.227533980949132e-01, -1.886809426031658e-04, -2.446990663792364e-05
50, 2.265850000000000e-02, -2.172400000000000e-02, -6.263048534436453e-01, -4.978502523895137e-01, 8.455150430041192e-04, -3.130245312053526e-04
51, 4.372870000000000e-02, -2.856010000000000e-02, -4.911211798187062e+00, -7.315335581392403e-01, 5.916071404956424e-02, -6.719870730486077e-02
52, 6.449020000000000e-02, -3.290520000000000e-02, -1.556583391444800e-03, 2.053569524405868e+00, -1.206278255283655e-02, -8.347414122167374e-02
53, 8.507679999999999e-02, -3.594290000000000e-02, 4.869527516102464e-02, 1.492752590510011e+00, -3.931565878323440e-03, -4.229669748966192e-02
54, 1.055450000000000e-01, -3.813560000000000e-02, 1.423792458160413e-02, 1.208041090218103e+00, -1.438354292348620e-03, -2.714053408886108e-02
55, 1.259250000000000e-01, -3.972410000000000e-02, -2.242910708087680e-02, 1.169225295772582e+00, -3.354965219681816e-04, -2.044780887022224e-02
56, 1.462380000000000e-01, -4.085400000000000e-02, 9.280527373056690e-03, 1.124170370332157e+00, 3.522291729929350e-05, -1.688511040965901e-02
57, 1.664980000000000e-01, -4.162220000000000e-02, 5.932219800479292e-03, 1.023608142805086e+00, 3.742994277438072e-04, -1.348978091851372e-02
58, 1.867150000000000e-01, -4.209820000000000e-02, -9.332140169294094e-03, 1.013986678602958e+00, 6.603432445224655e-04, -1.166081102477212e-02
59, 2.069000000000000e-01, -4.233380000000000e-02, -2.050312329257166e-02, 1.003620613603327e+00, 6.034804990875386e-04, -1.042036551494085e-02
60, 2.270570000000000e-01, -4.236980000000000e-02, -2.288768245990508e-02, 9.975066645057568e-01, 5.949543775329857e-04, -9.271228829133449e-03
61, 2.471950000000000e-01, -4.223880000000000e-02, -3.285749202987978e-02, 9.808179857726012e-01, 7.490872811395377e-04, -8.155812788460448e-03
62, 2.673160000000000e-01, -4.196780000000000e-02, -4.448159139532899e-02, 9.584206092308702e-01, 6.910316252195514e-04, -7.270901609246039e-03
63, 2.874270000000000e-01, -4.157950000000000e-02, -5.229924597531641e-02, 9.479027156414174e-01, 8.171353030412831e-04, -6.485563402504724e-03
64, 3.075300000000000e-01, -4.109350000000000e-02, -5.810646828703052e-02, 9.123519014896119e-01, 6.265746262137384e-04, -5.725475482331821e-03
65, 3.276300000000000e-01, -4.052670000000000e-02, -6.084983766026513e-02, 8.779092097832433e-01, 4.842993719975652e-04, -5.037988748307853e-03
66, 3.477290000000000e-01, -3.989380000000000e-02, -6.401170806496503e-02, 8.574924928015477e-01, 7.071362046104923e-04, -4.416847504950638e-03
67, 3.678290000000000e-01, -3.920820000000000e-02, -6.658611158756016e-02, 8.191503673738041e-01, 5.908578888700333e-04, -3.862280027390419e-03
68, 3.879340000000000e-01, -3.848140000000000e-02, -6.669372999452633e-02, 7.768434400880935e-01, 3.732731020420488e-04, -3.363277267919074e-03
69, 4.081110000000000e-01, -3.771960000000000e-02, -6.899943530929971e-02, 7.561752875756197e-01, 6.554012818753563e-04, -2.907034028067912e-03
70, 4.283910000000000e-01, -3.689040000000000e-02, -6.833524715453983e-02, 7.052493357813266e-01, 2.914352904710427e-04, -2.528268809603773e-03
71, 4.486760000000000e-01, -3.599200000000000e-02, -6.856531978976961e-02, 6.768724871727370e-01, 5.103287642995724e-04, -2.162183711092780e-03
72, 4.689660000000000e-01, -3.503220000000000e-02, -6.953545758756027e-02, 6.373917279468467e-01, 5.174544418657945e-04, -1.864679165113459e-03
73, 4.892610000000000e-01, -3.401800000000000e-02, -6.543144505475525e-02, 5.765284329944187e-01, 2.208771183731528e-05, -1.613218628571111e-03
74, 5.095640000000000e-01, -3.295580000000000e-02, -6.215587799905491e-02, 5.590365844860403e-01, 4.741386753437382e-04, -1.372000700044174e-03
75, 5.298740000000000e-01, -3.185120000000000e-02, -5.847988135285682e-02, 5.250626790348684e-01, 4.010914985173031e-04, -1.204995805098363e-03
76, 5.501910000000000e-01, -3.070950000000000e-02, -5.163565539393917e-02, 4.911594335042648e-01, 1.601087469467188e-04, -1.090775342729167e-03
77, 5.705160000000000e-01, -2.953530000000000e-02, -4.466694245216743e-02, 4.690859027745705e-01, -2.059353279548759e-05, -1.016234958756357e-03
78, 5.908500000000000e-01, -2.833280000000000e-02, -4.296160723502337e-02, 4.788183042307701e-01, 2.972727744499082e-04, -9.311377183278680e-04
79, 6.111930000000000e-01, -2.710560000000000e-02, -4.281309570112352e-02, 4.713890164089695e-01, 2.158508498908418e-04, -9.177866772915877e-04
80, 6.315450000000000e-01, -2.585710000000000e-02, -4.229531461280857e-02, 4.738631082857094e-01, 2.735144941468093e-05, -8.735426672594748e-04
81, 6.519070000000000e-01, -2.459010000000000e-02, -3.825264333297818e-02, 4.699675894933453e-01, 1.434607474948280e-05, -8.181174675812031e-04
82, 6.722800000000000e-01, -2.330710000000000e-02, -3.943345448139326e-02, 4.627825305453221e-01, -3.311213646384203e-06, -7.766111885134652e-04
83, 6.926620000000000e-01, -2.201020000000000e-02, -3.675570788869884e-02, 4.504034942214495e-01, -3.810356170319551e-05, -7.379825717404032e-04
84, 7.130560000000000e-01, -2.070110000000000e-02, -4.201600482689410e-02, 4.537065907717129e-01, -9.727978792994918e-05, -6.943349738076643e-04
85, 7.334610000000000e-01, -1.938120000000000e-02, -4.275465313494784e-02, 4.587970045738927e-01, -1.974668478226249e-04, -6.765397185315436e-04
86, 7.538770000000000e-01, -1.805140000000000e-02, -3.928919692059445e-02, 4.702302518069516e-01, -5.213554317862190e-05, -6.177317257312076e-04
87, 7.743050000000000e-01, -1.671250000000000e-02, -4.594067235617295e-02, 4.323939407361073e-01, -4.462603990980085e-04, -6.058381481741648e-04
88, 7.947460000000000e-01, -1.536480000000000e-02, -4.889578654730330e-02, 4.539840359784736e-01, -4.846486656369109e-04, -5.782793693498989e-04
89, 8.151990000000000e-01, -1.400830000000000e-02, -2.805304115374500e-02, 5.074518850517459e-01, 2.679255757271903e-04, -4.759884116793955e-04
90, 8.356650000000000e-01, -1.264280000000000e-02, 2.310922737530659e-03, 3.482865088327032e-01, -4.872709427736766e-04, -4.322522293902509e-04
91, 8.561440000000000e-01, -1.126750000000000e-02, -4.553263802836761e-02, 2.419069975657871e-01, -1.070718445351559e-03, -4.763310518196562e-04
92, 8.766380000000000e-01, -9.881770000000000e-03, -8.124013521625757e-02, 3.605169666172821e-01, -1.788247488221373e-05, -3.340127743650251e-04
93, 8.971450000000000e-01, -8.484230000000001e-03, -8.925905540184206e-02, 3.861095547854972e-01, -5.282462141487088e-04, -3.645945771600378e-04
94, 9.176680000000000e-01, -7.073410000000000e-03, -7.337361264513284e-02, 4.251010236008489e-01, -1.249745278569137e-03, -3.277179843761968e-04
95, 9.382060000000000e-01, -5.647530000000000e-03, -7.459236314849807e-02, 3.209324754182000e-01, -8.738527543972197e-04, -2.340177003467003e-04
96, 9.587590000000000e-01, -4.204500000000000e-03, -9.366318280261969e-02, 3.166712565191780e-01, -1.859850210976788e-04, -1.131234345529419e-04
97, 9.793290000000000e-01, -2.741940000000000e-03, -1.052038433450941e-01, 1.280027573669237e-01, -4.067407936192424e-05, 2.844227858396220e-04
98, 9.999160000000000e-01, -1.257210000000000e-03, -1.136647103846796e-02, -1.619208396723821e-01, -7.209747637183517e-03, 3.991346800025219e-05
99, 2.965208526196640e-01, -2.451291204343565e-02, -1.088438200476993e-03, -3.168246035290924e-01, 3.462423781463997e-06, -1.868780337588305e-05
100, 3.569550691458233e-01, -2.225937713288704e-02, -6.558553632958652e-03, -2.922336271161229e-01, 9.069875863687571e-07, -8.579509719552902e-06
101, 2.357521292249362e-01, -2.612922374397977e-02, -2.915241975855132e-03, -3.245246883842071e-01, 4.970251976210704e-06, -6.245118767367330e-05
102, 4.175395537093936e-01, -1.978668907414103e-02, -1.139860691067973e-02, -2.640884222172374e-01, 3.757358655320786e-07, -6.476098287855336e-06
103, 1.751367101315091e-01, -2.542483001771199e-02, -1.228312954922117e-02, -3.367822646426049e-01, 9.749748754028786e-05, -1.294397617357390e-04
104, 4.545161237720396e-01, 5.410499663149525e-02, 2.573442853810803e-02, -3.182734072298236e-01, 4.841300576430285e-06, -7.036351934885943e-06
105, 4.984928440317798e-01, -1.590850127774330e-02, -7.119132499686209e-03, -2.202408236995724e-01, 4.680795084865963e-07, -8.318124532280535e-06
106, 3.174663951753988e-01, 6.223768294924557e-02, 4.096742459245561e-02, -2.900681512477660e-01, -2.910146321788432e-05, 2.570865479611939e-05
107, 2.563717303565273e-01, 5.966322547531767e-02, 4.477304161281603e-02, -3.635002567379856e-01, -1.286301746361573e-05, 1.959460265865687e-05
108, 3.756939939814997e-01, 6.148855564182976e-02, 2.722709116045952e-02, -3.443254740479519e-01, -4.901248894739751e-06, 6.954559323091303e-05
109, 1.331764993897024e-01, 4.104774463271259e-02, 1.460097535004030e-01, -5.150347950941389e-01, 3.024238419779834e-04, 5.309137771560835e-04
110, 2.151334798234129e-01, 5.783655425665940e-02, 1.438289809682836e-02, -3.660696948098828e-01, -1.311250160895838e-05, 3.400818658860771e-05
111, 5.390439783578407e-01, -1.368921905163664e-02, -3.583191736731273e-03, -2.008949699468717e-01, 4.046367516608029e-07, -6.104858343292108e-06
112, 4.171750027518464e-01, 5.955074979533879e-02, 1.898198167728360e-02, -2.986743119652590e-01, 1.614636537006220e-05, 9.032685415633068e-06
113, 5.796418763382618e-01, -1.132888697481147e-02, 9.285674329079896e-03, -2.099494211140897e-01, 9.128690692250530e-07, -9.620448027547468e-06
114, 4.579843708690872e-01, -1.795387507594605e-02, -1.201288431957526e-02, -2.451514419549461e-01, -1.526276545149585e-07, -4.465398847131041e-06
115, 1.742940777616075e-01, 5.338799194168506e-02, 1.025410126214155e-02, -3.184015025366297e-01, -8.398617818983212e-06, -4.326685667521701e-06
116, 9.710402222757537e-02, -1.854828260839096e-02, -1.247754363838527e-01, -6.576568682047182e-01, 2.686081433744825e-04, -6.857986916171122e-04
117, 5.189774796231875e-01, 5.374676487811309e-02, 4.503043183713462e-02, -1.815785468011053e-01, 1.294613584335025e-06, 1.282463267671119e-05
118, 6.203290590016649e-01, -9.338681345593056e-03, 7.957202765934479e-03, -2.409168950819106e-01, -7.919847843318450e-06, -1.060060579050059e-05
119, 1.374487160331137e-01, -2.687496070907593e-02, 2.146275913389672e-02, -2.684381261834349e-01, 1.352759642614387e-04, 7.034960894412023e-04
120, 5.596387496012009e-01, 5.071566089060470e-02, -1.147426937001939e-02, -1.815793753503783e-01, -6.887562500779154e-06, -1.571182150783557e-05
121, 6.609827153956152e-01, -6.310240884540755e-03, 1.291007762143437e-02, -2.494318498846423e-01, -4.668137432162212e-06, 2.431140531555798e-06
122, 6.033984443620632e-01, 4.523925165445848e-02, -1.815221813489565e-02, -2.088301025382561e-01, 4.358294130923923e-06, -2.980707028754637e-05
123, 7.020103535966860e-01, -3.111390526276716e-03, 7.994930670155664e-03, -3.043917996908219e-01, 1.680806889226005e-07, -3.046909707302148e-06
124, 5.755684299532306e-02, -1.475369716728351e-02, -1.106529362400878e-01, -1.211502315896130e+00, 2.866992708587590e-03, 1.761242262053697e-02
125, 9.060053040963247e-02, 3.560010455049589e-02, 2.089853091407923e-01, -5.045719011320615e-01, -1.067049637799578e-04, -5.420897286159132e-04
126, 6.425569992028460e-01, 4.076809820674596e-02, -1.369636823504905e-02, -2.681823977877159e-01, -4.621355518708015e-06, 5.834001136406641e-06
127, 7.425676713184176e-01, -1.802184129515955e-03, 5.230116989098921e-03, -3.199887606372639e-01, -6.752499494222519e-06, 2.274111505862209e-05
128, 6.794554790031843e-01, 3.455015607646333e-02, -4.201093891530450e-03, -3.478028458643514e-01, 1.051581472566454e-06, 1.574163556483654e-05
129, 7.233793830986925e-01, 3.102487013943550e-02, -1.481852897075520e-02, -3.113129931192759e-01, -5.146652632959103e-06, -4.295247137520164e-06
130, 7.843494364326934e-01, 2.390274058805750e-03, 1.129735505231155e-02, -4.748414236414497e-01, -3.633963633781212e-05, -6.697168008135135e-06
131, 5.454676153951814e-02, 2.401897778829271e-02, 4.037591806737850e-01, -1.313205062718612e+00, 5.346600465769180e-03, -1.692338885664457e-02
132, 7.640247874542017e-01, 2.555744565522233e-02, -1.205733781844387e-02, -3.210532793067021e-01, -6.091466151048053e-06, -3.037694879992614e-05
133, 8.229295107187748e-01, 4.300233002464899e-03, -3.811556873536037e-02, -5.321871711306911e-01, 1.407469241865300e-05, 3.600072787324216e-05
134, 8.046566490081991e-01, 1.839946429817115e-02, -4.241074466859196e-02, -5.648446015942319e-01, 7.667077541739786e-06, 3.824102829241838e-05
135, 8.440270490961900e-01, 1.089332864254128e-02, -1.336727102899360e-02, -7.055463739064168e-01, 9.921323400163828e-06, 1.202141562295367e-05
136, 9.686534179528660e-01, 2.042627793953139e-03, -9.636147958730246e-03, -5.339339511284389e-01, -8.539742607505119e-06, 3.044654976136485e-06
137, 8.665349974513943e-01, 8.204479495203282e-03, 2.013651138112016e-02, -6.850008968143543e-01, -7.454559636244085e-09, 2.635561638442141e-05
138, 3.973268305362796e-01, -2.062836453280328e-02, -8.491034748260518e-03, -2.734603853611027e-01, 1.198801133917016e-06, -7.220548488007239e-06
139, 4.066700510668398e-01, -2.659281018491663e-03, -7.780418182230520e-04, -2.695626086794225e-01, 1.850475914721983e-07, -5.027937424628703e-06
140, 4.269223676397205e-01, -1.818542477264619e-03, -2.271176974423916e-03, -2.584508105090839e-01, -1.727833913722776e-07, -2.836815411022542e-06
141, 4.160748716342525e-01, 1.536155603904590e-02, 8.463769839590962e-03, -2.572216613902466e-01, -1.000604150647177e-06, 1.595476409832486e-05
142, 3.957310706537015e-01, 1.449338912604128e-02, 7.612374583405024e-03, -2.724183837368088e-01, 3.483381876279168e-07, 6.619413920549988e-06
143, 4.363670491508843e-01, 1.618760295133900e-02, 6.784974599718496e-03, -2.448310506411954e-01, 1.856719256565498e-06, 1.457633682960813e-05
144, 4.051964526601900e-01, 3.152834713834579e-02, 5.007436686022548e-03, -2.362146474820342e-01, -2.695335129865306e-06, 5.465569001228410e-05
145, 3.848128117936778e-01, 3.076188516682927e-02, 1.033899925970971e-02, -2.573290648008263e-01, -2.019251559137736e-05, 3.069022042767600e-05
146, 3.753524428032796e-01, 1.356859858717361e-02, 6.265287105877593e-03, -2.744886225332167e-01, -2.405101430014156e-06, 1.994578914357725e-05
147, 3.644173846774071e-01, 2.988645409861292e-02, 1.090633170425914e-02, -2.702311703099943e-01, 5.016145855352150e-06, 3.461417085581786e-05
148, 3.550134956621845e-01, 1.257057333110983e-02, 9.818099246502121e-03, -2.944624644146128e-01, 1.276897114710351e-07, 1.266070261685126e-07
149, 3.439974420069055e-01, 2.973245781499734e-02, 1.863369411321397e-02, -3.080699661655376e-01, 6.625633478418713e-06, -5.238060839296566e-06
150, 3.345561861413926e-01, 1.175186653708911e-02, 1.293406032542721e-02, -3.037153896402177e-01, -9.227784629306512e-06, 3.404194433676011e-06
151, 3.236084648859458e-01, 2.848484668563251e-02, 2.311891020742413e-02, -2.986613726468627e-01, 2.167190405355512e-05, 1.273438156701445e-05
152, 3.143303878446695e-01, 1.091172861632015e-02, 1.383724745016957e-02, -3.101230484558011e-01, -5.666541260662683e-06, 4.715000628888188e-06
153, 3.032408532210827e-01, 2.754866912925832e-02, 2.660143020515976e-02, -3.095992862794754e-01, 1.625371241842366e-05, 1.991248593236072e-05
154, 2.939539767717528e-01, 1.001939063924226e-02, 1.396623687683762e-02, -3.241785787773038e-01, -7.199270626867538e-06, -3.980856790514187e-06
155, 2.828296347109930e-01, 2.713220734740742e-02, 2.741143744816144e-02, -3.268870550629830e-01, 1.262471310642388e-05, 1.522858451274978e-05
156, 2.733885986292580e-01, 9.103913709920631e-03, 1.853428141849517e-02, -3.324722423054137e-01, -2.524692093053282e-05, 4.672719404130721e-06
157, 2.624180698607566e-01, 2.586783501818393e-02, 1.916476456277344e-02, -3.407818675986753e-01, 4.030362003742960e-05, 6.834843398695334e-06
158, 2.529513835064207e-01, 8.525498647222548e-03, 1.620886312504510e-02, -3.380210647470073e-01, -2.376259305747475e-05, -8.749872967707406e-06
159, 2.420041412463820e-01, 2.497529745393339e-02, 2.015260629378274e-02, -3.414702949730180e-01, 6.225200664941588e-05, 8.496094715759739e-06
160, 2.324783599824982e-01, 7.702710819772898e-03, 9.504124315069556e-03, -3.394751785398595e-01, -3.205847986387234e-05, -1.311745424274757e-05
161, 2.215823702425378e-01, 2.397561795711019e-02, 1.729067405841739e-02, -3.499328852749777e-01, 8.656453903718719e-05, 3.990253758273665e-06
162, 2.121325115698451e-01, 6.410467661081484e-03, 6.384265641193043e-03, -3.450708055112439e-01, -4.031065851761717e-05, -4.423021670902846e-05
163, 2.011663454080357e-01, 2.296567656220408e-02, 2.197922495550831e-02, -3.416199882989043e-01, 6.864336113630333e-05, 7.694664550135163e-05
164, 1.916646013131764e-01, 6.122736367823681e-03, -6.885148680567277e-03, -3.398720094903447e-01, -3.969940757869717e-05, -1.073051795600632e-04
165, 3.255525552210641e-01, -6.161447547465032e-03, 4.775825212033236e-03, -3.067452979475943e-01, -2.782790157085380e-06, -1.038071551850983e-05
166, 2.646894232509986e-01, -8.340506671611615e-03, 8.507151148866715e-03, -3.327480724508485e-01, 4.224203435931884e-07, -1.202239163705654e-05
167, 1.807269234638549e-01, 2.189447272204787e-02, 3.738939204718071e-02, -3.343699937293536e-01, 5.237176791464057e-05, 1.485567305886323e-04
168, 1.712197765907188e-01, 5.003864087505491e-03, -8.031908936174281e-03, -3.399311429583335e-01, 4.268836791609942e-06, -2.307554681172837e-04
169, 1.602426840341227e-01, 2.138865991864423e-02, 4.106974396454652e-02, -3.330460491312850e-01, 9.410832322337415e-06, 3.055281963610657e-04
170, 2.037692397470149e-01, -1.034914650557998e-02, 9.135342053338436e-03, -3.409108717392654e-01, -2.522078059552513e-05, 3.613413551573075e-05
171, 2.916999765043648e-01, 4.426039903148235e-02, 3.452314425930159e-02, -3.166082789916483e-01, 6.333301589478424e-05, -1.573255019948760e-05
172, 1.507262204296524e-01, 4.193183260823651e-03, 1.253636199424291e-02, -3.498277014850485e-01, 2.044246690668938e-05, -2.968288978420636e-04
173, 3.537537079013051e-01, 4.827208157291081e-02, 2.178623809818392e-02, -3.608647210861865e-01, -3.505250540669635e-05, -2.268811030781137e-05
174, 1.397136229518096e-01, 2.099975485568201e-02, 3.738651258569936e-02, -3.498914624935651e-01, -1.415941769611351e-05, 8.114438367270438e-04
175, 1.295462050507191e-01, 2.895094086866376e-03, 3.732700610736672e-02, -4.584133915210942e-01, -4.630894320500900e-05, -7.693984352581951e-04
176, 1.191521560559205e-01, 2.012333267723078e-02, 9.096657434871802e-02, -5.389126304833073e-01, -1.416070695201554e-04, 6.685704984438212e-04
177, 1.080886766322981e-01, -1.434166924619944e-05, 1.647881991745459e-02, -6.086073342072030e-01, -4.535534606608937e-04, 3.422323839750580e-04
178, 2.290595946644183e-01, 4.112394933858098e-02, 2.111021589372319e-02, -3.544603118661217e-01, 3.115344309367885e-05, 6.708764592744387e-06
179, 3.459241474687385e-01, -5.280135464756558e-03, 2.985211809256039e-03, -3.002698460664318e-01, 3.564596038785339e-06, -1.218299731320371e-05
180, 2.852249789379561e-01, -7.661787197075484e-03, 7.826888201486137e-03, -3.263638939703808e-01, 7.218410313925006e-06, -1.711905643553280e-05
181, 3.956003701982225e-01, 4.825293871018150e-02, 2.625468338791959e-02, -3.266885279548978e-01, 2.607577819979667e-05, -3.728996971563703e-05
182, 3.863679656039212e-01, -3.541874220538175e-03, -6.457763451188647e-04, -2.793234262296138e-01, -7.031255053746577e-07, -5.552150671661593e-06
183, 7.630082210649703e-01, -1.683932405478732e-04, 4.226373326683408e-04, -3.161385510416450e-01, -4.864084865996432e-06, 4.246092778892319e-05
184, 7.221165178549034e-01, -2.386671879896191e-03, 9.452506215819501e-03, -3.079931665707654e-01, -5.520862148777894e-06, 8.404867439908148e-06
185, 6.813490575644440e-01, -5.026272236468695e-03, 1.867388051693109e-02, -2.948192327537821e-01, -7.260616744275694e-06, -5.712015300751716e-06
186, 6.700514205024029e-01, 1.200943009480344e-02, 5.906911442045470e-03, -2.820197880337163e-01, -1.030103939747562e-05, 5.200337927391274e-06
187, 6.507436095443034e-01, 9.724469617936471e-03, 6.051098741991834e-03, -2.108120814043140e-01, -1.177957839626487e-05, 1.781894227459446e-05
188, 6.585972170885982e-01, 2.855958551875440e-02, -8.626003214682876e-03, -2.346038077391769e-01, 8.295920322254347e-06, 2.435334484385265e-05
189, 6.914402908656641e-01, 1.520975427006638e-02, -3.741644050655371e-03, -3.276333301750995e-01, 1.055370517200060e-05, -2.052954229014858e-05
190, 6.408436581122263e-01, -8.308025859652041e-03, 1.240986380506204e-02, -2.330609800127121e-01, -9.757087075179527e-06, 1.247974202200908e-06
191, 5.999777577336088e-01, -1.017319331688185e-02, 1.737004386196894e-02, -2.368862428627740e-01, -9.762905738064376e-06, -1.288709602853544e-05
192, 5.887616024017648e-01, 6.914165488212533e-03, -1.182536196728357e-02, -2.313272611575815e-01, -1.608848503753535e-06, -7.917217903496976e-08
193, 5.684052808662257e-01, 5.719726871149628e-03, -1.947457647271722e-03, -1.978332312342777e-01, -1.289643311253030e-06, 1.078952158195534e-05
194, 5.775195922504133e-01, 2.398253745901509e-02, 4.369172414880218e-03, -1.789066312286829e-01, -6.256794655712383e-07, 3.441082346888891e-05
195, 5.571515349656804e-01, 2.232351574757130e-02, -7.979262745877430e-03, -1.765203629927182e-01, -3.979835744294391e-06, 2.288571932979044e-05
196, 5.979431170668756e-01, 2.519796775079432e-02, 1.118121001851613e-02, -2.425927216979137e-01, 1.535133741903394e-05, -5.575129778945254e-06
197, 7.026714032463355e-01, 3.307350982476356e-02, -1.335452034456885e-02, -3.135875206602035e-01, -7.094616425007416e-06, 5.790348399870027e-06
198, 5.593113618335217e-01, -1.250046520892452e-02, 3.280633623987228e-03, -1.980152316098426e-01, -1.795903870061011e-09, -5.996831450638673e-06
199, 5.187649537457070e-01, -1.486169353188113e-02, -6.587802771615858e-03, -2.105323629745376e-01, 3.785278854806506e-07, -7.544427779393459e-06
200, 5.076921965629095e-01, 2.218307329771115e-03, -1.415371903958906e-04, -2.148613579791785e-01, 1.007442176348405e-06, -3.159886095893683e-06
201, 4.873986433704672e-01, 1.181039459401317e-03, 9.781617394943876e-05, -2.284718882035855e-01, -4.559650443880514e-07, -3.804515286809362e-06
202, 4.966194656028796e-01, 1.934467626271270e-02, 9.126889648917613e-03, -2.228885618520319e-01, -5.078083595178029e-06, -8.562687070501340e-07
203, 4.763431748988570e-01, 1.825370403979853e-02, 1.077055178402475e-02, -2.372089048743432e-01, -4.489578197874877e-06, -3.027200474292613e-06
204, 4.860578366563697e-01, 3.670910442424759e-02, 2.402210721881815e-02, -2.378449586688919e-01, -1.688025417578842e-05, -3.159329788227083e-06
205, 5.169176985164646e-01, 1.994335935477508e-02, 3.472002290542453e-03, -1.989748959013174e-01, -4.898115403051406e-06, 8.163256075333081e-06
206, 4.659122849665016e-01, 3.584565405751972e-02, 2.277212922949012e-02, -2.657266371582770e-01, -5.060855308158807e-06, -2.377175399459475e-05
207, 5.073801417642654e-01, 3.694836126629831e-02, 2.334304305542767e-02, -2.079716240758941e-01, -2.993232621761877e-06, 1.910087010226214e-06
208, 4.255042211984943e-01, 3.276145417967536e-02, 1.283053528271771e-02, -2.139110841089439e-01, -4.663110116931435e-06, 5.439317395561361e-05
209, 4.782031906629673e-01, -1.692800596420961e-02, -1.189319333895256e-02, -2.327532982905144e-01, -2.626365693814137e-07, -5.986787188660969e-06
210, 4.377615561649102e-01, -1.892015496718379e-02, -1.062303426676947e-02, -2.535851635011367e-01, -1.983618300727130e-07, -6.061579878036127e-06
211, 7.437995247830567e-01, 2.907365860617513e-02, -9.541585078334691e-03, -3.227288404902888e-01, -8.087438081005871e-06, -1.717466275508173e-05
212, 3.771599174236252e-01, -2.142636025480181e-02, -9.023696330259234e-03, -2.823198070420642e-01, 2.513746764520874e-06, -8.719023798064995e-06
213, 6.218943807040979e-01, 4.341022781815626e-02, -1.571369911516363e-02, -2.093155048811496e-01, -1.148153336849589e-05, -1.450853296347532e-05
214, 6.296675380922808e-01, 2.448237643370344e-02, -3.662738745811878e-02, -2.187879111724106e-01, 3.223921648398687e-05, -3.189056466013085e-06
215, 5.814676933777930e-01, 4.439866935626801e-02, -2.241366350267776e-02, -2.816328259494720e-01, -9.111515337612008e-06, 6.513590964374316e-07
216, 3.312274326488422e-01, 4.612386330115190e-02, 2.604703767813676e-02, -2.972299229910512e-01, 1.150187800291746e-05, -1.023960881418873e-06
217, 2.710279663853664e-01, 4.299515715254759e-02, 4.178309328817165e-02, -3.437681094472381e-01, 6.784075587606964e-05, -1.503051823270596e-05
218, 5.390455428341940e-01, 5.238266303217255e-02, 9.885658585071511e-03, -1.555355873856677e-01, -6.732159008038252e-08, 8.995716555659783e-06
219, 6.114472204034992e-01, 1.035802388696049e-02, 1.523113751644711e-04, -2.842975192785281e-01, -4.066002016411829e-06, -7.809578296047448e-06
220, 5.481464598881551e-01, 4.391424796774106e-03, 1.257614961953257e-03, -1.991509347674010e-01, -8.021061903562554e-07, 2.090583464564588e-06
221, 4.369713267450843e-01, 6.210740459687750e-02, 3.881085958371067e-02, -1.878476925957190e-01, -4.237773882209694e-05, -3.741240711097049e-05
222, 4.776658622515376e-01, 5.502642382875403e-02, 2.720119991627268e-02, -2.643948628633025e-01, 3.547873106413135e-08, 7.152085771622296e-06
223, 4.672216742651403e-01, 6.822137221719886e-05, -1.691481272115491e-03, -2.403014443246961e-01, -7.110543953636750e-07, -5.918635235246938e-06
224, 7.838712537706656e-01, 2.237803476451621e-02, -3.987651305472972e-02, -3.279144582135494e-01, -5.480080044861779e-06, -4.945998867489365e-05
225, 5.279391987118984e-01, 3.223725334036668e-03, -8.080021167281570e-04, -2.037734743132910e-01, 1.208032506472279e-06, -1.176803997360309e-06
226, 2.240945376964768e-01, -9.587620610872932e-03, 1.094867312100978e-02, -3.336829706473888e-01, -1.500941868570749e-06, -2.464568659954480e-05
227, 4.471002731846575e-01, -9.168098744713615e-04, -3.975242471625062e-03, -2.474016798523785e-01, -2.749581526906297e-07, -2.066606379358404e-06
228, 3.661288396845953e-01, -4.394762525783355e-03, 2.762765372132492e-03, -2.875657257808633e-01, -1.227886290422475e-07, -5.399865517008440e-06
229, 1.546440068756184e-01, -2.520108376499952e-02, -5.760793068736003e-03, -3.283069987812538e-01, 3.443506666034324e-05, -4.593518222684168e-06
230, 1.882221366659534e-01, 3.826074051584353e-02, 9.282071471595876e-03, -3.274934508112485e-01, 3.744552428841530e-05, -8.000696086085668e-06
231, 1.543914041184917e-01, 4.912107034456465e-02, 2.474140015401005e-02, -3.281593659292298e-01, 7.008489284210384e-05, -2.183666393511530e-04
232, 5.370927014694915e-01, 2.057153489439007e-02, -6.256215097246179e-03, -1.869095032356383e-01, -4.296247375634721e-06, 1.394550051481147e-05
233, 1.206636050110365e-01, -1.834415102198253e-02, -9.114423484796697e-02, -6.056397086597591e-01, 6.827696887801160e-05, -7.933888327578131e-04
234, 8.631313342926250e-02, 1.043432805688596e-03, 2.078141747765416e-02, -7.867164576691651e-01, 3.688804226412712e-04, -1.205949409325058e-03
235, 1.106095889185965e-01, 3.867169228023645e-02, 1.886626374439491e-01, -5.323736150646946e-01, 2.354380126402267e-04, 2.246417983835514e-04
236, 3.368165213239255e-01, -2.303433487990625e-02, -3.961913271674833e-03, -3.002148097090894e-01, 3.196869903021593e-06, -1.409856240819352e-05
237, 4.563612726504259e-01, 1.708420333116029e-02, 1.032230309298976e-02, -2.476737084095111e-01, -5.964573398742345e-06, -6.036633675765568e-06
238, 4.456317431566468e-01, 3.339001461812384e-02, 3.414101115345114e-02, -2.317936298060305e-01, -1.898853255966060e-06, 2.965308358326979e-05
239, 3.167674574315031e-01, -2.377538963541589e-02, -4.412359648354958e-03, -3.072758769739056e-01, 8.871426254941639e-06, -1.636184115549888e-05
240, 7.729445970665597e-02, -1.752507912106143e-02, -7.799344361824245e-02, -6.454449934139996e-01, 1.138460573868461e-04, 2.965192879741174e-03
241, 7.252862014530212e-02, 3.083776928774613e-02, 2.173711831765335e-01, -6.020849717388576e-01, 1.004523327489792e-03, -2.503885648692972e-03
242, 6.994351787411089e-02, 1.216950509271565e-02, 2.422616401543218e-01, -7.799440707628287e-01, 5.340510600257420e-04, -7.934014288168978e-05
243, 3.053917014711016e-01, -6.863402861304940e-03, 7.385960807544500e-03, -3.155929239855525e-01, -9.542366363746169e-08, -1.010548021784796e-05
244, 2.497228322075046e-02, 2.402640398398414e-03, 2.825110889648354e-02, -2.692529596038181e-01, 2.812112905646313e-04, 8.571505938365087e-05
245, 4.989473083532157e-01, 5.518919255669726e-02, 4.125864379744160e-02, -2.352452311586094e-01, 6.600421357916275e-06, 1.025372727703200e-05
246, 7.121516210256057e-01, 1.460595551967098e-02, -1.601292889284359e-03, -3.026509488113180e-01, -2.355045065627337e-07, -3.110716618959231e-06
247, 2.763702683359829e-01, -2.506910702819862e-02, 4.159111175965791e-03, -3.247518876307874e-01, 9.000083524668412e-06, -2.201763075149188e-05
248, 8.873385472785349e-01, 6.844391408278278e-03, -6.516621027386038e-03, -7.473474726892482e-01, -1.278030925533358e-07, 1.131892497951981e-05
249, 9.962521156902329e-02, 1.917857730881604e-02, 8.454792649724124e-02, -6.054529050585193e-01, 1.341047032888676e-04, 8.892406946920950e-04
250, 2.557921536609737e-01, -2.522121516525769e-02, 2.291979905262309e-04, -3.266980820762523e-01, 2.945049744518258e-06, -4.202563239097401e-05
251, 7.326436531224615e-01, 1.392908380138819e-02, -6.117497842056535e-04, -3.030152856566798e-01, -1.478551477696044e-06, -2.041285148024485e-06
252, 2.442929978870507e-01, -8.841726120787759e-03, 1.182687069474475e-02, -3.340474958989310e-01, 6.374291556365819e-06, -2.198219045279615e-05
253, 3.995007411905830e-02, -1.161067152480321e-02, 4.175260489866374e-01, -2.893529312026061e-01, -2.709308747118055e-03, 3.067098782875990e-03
254, 8.043761192319334e-01, -8.566257281116389e-04, 1.800994519255694e-03, -3.214660915904197e-01, -1.227714900586818e-05, 6.629185610051991e-05
255, 3.728297782789732e-02, 1.860236346631203e-02, -3.596780269639803e-01, -3.578138237288360e-01, -2.074022309471513e-03, -3.004006575890922e-03
256, 2.774419946245726e-01, 6.094101662917976e-02, 5.207857232187418e-02, -3.381222640388487e-01, -3.268490528895995e-06, 1.182237225094696e-05
257, 5.272315251059175e-01, 3.640340721383552e-02, 1.333959709484134e-02, -1.793933751256646e-01, -4.268768451609617e-06, 8.097733683598562e-08
258, 5.083404437921797e-02, 4.581799144869038e-03, 8.182570890906329e-02, -9.349826502791265e-01, -2.194225149423024e-03, 5.161716354417090e-04
259, 2.490426759473710e-01, 4.254632631819232e-02, 3.294074804938563e-02, -3.523937990075995e-01, -6.207441044736584e-06, -1.577227588001051e-05
260, 2.163684835035404e-01, -2.701679002700320e-02, 5.781663278648486e-03, -3.270771928841339e-01, 5.077954779064697e-05, -5.617821403625101e-05
261, 6.319627623250758e-01, 8.005179788726667e-03, 2.100264097733351e-02, -2.127630408685769e-01, -1.474839916060233e-05, 2.171912190546132e-05
262, 3.114372276557584e-01, 4.471425339351094e-02, 3.005186269911242e-02, -2.962417953035933e-01, 3.666219041775776e-05, -1.115940502227630e-06
263, 2.356884134652882e-01, 5.867724256479173e-02, 3.926311787322634e-02, -3.627394517573180e-01, -7.360760502450603e-06, 1.929199701233841e-05
264, 3.383946157052069e-01, 6.335777825715755e-02, 3.678289376982136e-02, -2.826864332233713e-01, -2.662773950845576e-05, 5.499959472032856e-05
265, 1.951580192305350e-01, -2.592057073090863e-02, -2.444503546715104e-03, -3.343064273238476e-01, 3.923557931173605e-05, -1.490772274389540e-04
266, 2.079444632386854e-01, 4.033501394168094e-02, 1.435839963453445e-02, -3.505615359704201e-01, -2.810195723768061e-05, 2.798158730499267e-06
267, 9.479046644594288e-01, 3.329224375259112e-03, -1.811469160284640e-02, -6.581277018119929e-01, -1.246713566516178e-05, 1.763900110418604e-06
268, 3.561712635176024e-01, 6.624998309437961e-02, 2.977913032350532e-02, -1.786372206734484e-01, -3.370654398793249e-05, -4.443924118513465e-05
269, 1.945815262482765e-01, 5.549283344264481e-02, 4.151474217134687e-03, -3.375705713656897e-01, -2.225128102395502e-05, 5.812860710641132e-05
270, 2.977935989933491e-01, 6.155964200056977e-02, 4.692682143429039e-02, -3.070618213001380e-01, -1.689029257256891e-05, 1.772816562350954e-05
271, 9.078621578882508e-01, 5.667274229115189e-03, -1.931689503809986e-02, -8.023100299669483e-01, -5.333412713248720e-06, 3.103542967508588e-06
272, 1.825817478992424e-01, -9.081920198856432e-03, 1.450680111507474e-02, -3.296664722603614e-01, -7.040487154785779e-05, 9.121154111468854e-05
273, 5.473154535762672e-01, 3.607904473465572e-02, -5.879792094212521e-03, -1.647456201120139e-01, -5.488128092423494e-06, -7.981605634199695e-07
274, 7.530729938319840e-01, 1.313628422854849e-02, 2.620657775860402e-03, -2.880139788818252e-01, -7.622517852468036e-07, -3.014632864700717e-06
275, 3.748556537104224e-01, 4.373238303807285e-02, 2.479705725002701e-02, -1.925095770352345e-01, 2.391751771213535e-05, 6.748360441033441e-05
276, 6.131635011745523e-01, 2.949827386178269e-02, -1.031652080722922e-02, -1.356475811211929e-01, 9.135765367318527e-06, -5.007044155291851e-05
277, 1.615549999555386e-01, -8.423645609178222e-03, -2.062350975904881e-02, -3.266189082226027e-01, -1.126107774003238e-04, 1.127295965526187e-04
278, 1.684665400829101e-01, 3.589271030097479e-02, 3.379464547466626e-02, -3.043500818002128e-01, 6.633389571275572e-05, -3.719869292773126e-05
279, 8.256084584492730e-01, 2.063599800034852e-02, 8.283820799818153e-03, -3.714670282367951e-01, -2.834677073160208e-05, -3.030615428745165e-05
280, 3.972984879188702e-01, 6.550620359910081e-02, 2.843169424613468e-02, -1.867013510420134e-01, -2.919207813789626e-05, -2.524000283798955e-05
281, 6.627065683700449e-01, 4.403640084504622e-02, 1.965680693600369e-03, -1.880287342409160e-01, -1.420325860124194e-05, -2.482119741120670e-05
282, 9.271814000509705e-01, 4.566893966412862e-03, -1.779846412288044e-02, -7.624805758968006e-01, -1.244847478432121e-06, 7.451620120946245e-08
283, 5.666099503639990e-01, 3.514156773900353e-02, -2.665089206594995e-02, -1.344309945143176e-01, -8.315397378666489e-06, 1.201931007877022e-05
284, 1.494596596362294e-01, 3.329163864126687e-02, 8.126417131640262e-02, -2.586612664622151e-01, 1.775743546712505e-04, -1.885491149367091e-05
285, 4.157211108020577e-01, 4.328993327621897e-02, 2.479781139381843e-02, -1.507234881096707e-01, 2.112995830039210e-05, 2.100017556649902e-05
286, 1.420183368662139e-01, -1.083000509133579e-02, -6.597647498068515e-02, -3.848635339815488e-01, 2.617192073106622e-04, -7.594792377529913e-05
287, 7.723941052487970e-01, 1.222809467856913e-02, 2.085654018799415e-02, -2.423299831634382e-01, -4.018145872031198e-06, -1.327798992889484e-05
288, 6.445251630204021e-01, 2.466895360166448e-02, -2.278905770086179e-02, -1.303305275895755e-01, 1.652495660309228e-05, 5.380867138171652e-05
289, 7.017993879064316e-02, -4.170715886349615e-03, -1.192826060482799e-01, -6.168266131310320e-01, 3.086977717102535e-03, 2.032086055655524e-04
290, 4.338320994818889e-01, 4.597756208071748e-02, 1.816410178705041e-03, -2.287337809708653e-01, 2.071924311408679e-05, -1.980827505931870e-05
291, 8.319934002763331e-02, 1.967812476841416e-02, 7.977535478221925e-02, -3.570515439425016e-01, 1.471909556287065e-04, -2.393897758566244e-03
