JST,LAX-FRIEDRICH
2.119025148,2.119025148
1.859295756,1.797013227
1.789804773,1.668438303
1.705298415,1.573178979
1.61703482,1.447025847
1.586669533,1.317307719
1.561676563,1.19633621
1.511234238,1.100868306
1.455084598,1.060330654
1.422579533,1.053096165
1.416780598,1.035791318
1.410846452,0.9869772637
1.383268549,0.9024630278
1.327623932,0.7831108799
1.250836615,0.6310804535
1.17238213,0.4575471108
1.122242275,0.2999999465
1.105501819,0.2204030351
1.099788653,0.2087434677
1.084802274,0.2021626263
1.052492631,0.1735955391
1.002574019,0.1187178746
0.9389348098,0.03978989015
0.8699724452,-0.06042648136
0.8052700429,-0.1787975055
0.7538171419,-0.3103078643
0.717730301,-0.4467785024
0.691639457,-0.5748153913
0.6683912257,-0.6787851642
0.6444207791,-0.7561361567
0.6190852018,-0.8170963228
0.591843324,-0.8758415617
0.5619080273,-0.9409601484
0.5288316162,-1.01651695
0.4932849751,-1.102855565
0.4562851806,-1.199980487
0.4180276447,-1.306685139
0.3788242402,-1.420142536
0.3383790909,-1.535246658
0.2979776597,-1.64469376
0.2562723125,-1.740470179
0.213094027,-1.820213204
0.1680929662,-1.886521542
0.1224227834,-1.94630207
0.07852852214,-2.00603607
0.03819229552,-2.070273505
0.002486004189,-2.14125366
-0.0297222737,-2.219513202
-0.0608539347,-2.304574597
-0.09328785555,-2.396896732
-0.1300964315,-2.493320014
-0.1734491405,-2.590692778
-0.2234101054,-2.685814212
-0.2768636125,-2.775287639
-0.3271925225,-2.857562512
-0.3668739268,-2.93322579
-0.3927654355,-3.005262121
-0.4092886821,-3.076309515
-0.4229306712,-3.149062701
-0.4392105134,-3.225734614
-0.4619014854,-3.306826743
-0.490980305,-3.392955955
-0.525254247,-3.483757635
-0.5623003248,-3.578001916
-0.5986918215,-3.67362104
-0.6315070593,-3.767729139
-0.6604720635,-3.858424211
-0.6876780331,-3.943904694
-0.7158738484,-4.023712624
-0.7473380627,-4.098969634
-0.7830833786,-4.171812649
-0.8225245229,-4.244378712
-0.8641884142,-4.318388317
-0.905008451,-4.394909718
-0.9401005241,-4.474260283
-0.9671765133,-4.55653241
-0.9862524154,-4.640029773
-1.000382157,-4.723643043
-1.013234865,-4.806154921
-1.028180165,-4.886522634
-1.046961396,-4.964140765
-1.069506393,-5.038700029
-1.094782914,-5.112053847
-1.121585353,-5.184474634
-1.149015655,-5.257911786
-1.176759492,-5.331992018
-1.205057805,-5.407631077
-1.234558418,-5.485177421
-1.265900494,-5.564563165
-1.299388234,-5.645307455
-1.334662726,-5.726640652
-1.371471458,-5.807714269
-1.408439843,-5.887808349
-1.443375455,-5.966488526
-1.473483722,-6.043659542
-1.499307859,-6.119438581
-1.522094842,-6.194109315
-1.543240545,-6.268719626
-1.564307426,-6.343663099
-1.58699368,-6.419263711
-1.612686441,-6.49573716
-1.641636202,-6.573087037
-1.673287293,-6.651081888
-1.706623472,-6.729358565
-1.740665258,-6.807635477
-1.774864471,-6.886053586
-1.809257597,-6.964026137
-1.844285301,-7.041384548
-1.880445405,-7.118103446
-1.91803281,-7.194343888
-1.956903002,-7.270395114
-1.996273025,-7.346561807
-2.034667668,-7.423126652
-2.07015715,-7.500218733
-2.1011695,-7.577870771
-2.126654841,-7.655969742
-2.148008372,-7.734305421
-2.168081778,-7.81265095
-2.188997214,-7.890810815
-2.212447698,-7.968572535
-2.239258486,-8.045386434
-2.269648196,-8.122073352
-2.302896449,-8.19846016
-2.337658865,-8.274523409
-2.372811465,-8.350516108
-2.408054174,-8.426441115
-2.443879846,-8.502527011
-2.481082577,-8.578976989
-2.5202477,-8.654908211
-2.561454516,-8.731318028
-2.604153851,-8.807407649
-2.647143882,-8.884962213
-2.688706101,-8.96178422
-2.727064744,-9.039259934
-2.761138495,-9.116495237
-2.791120919,-9.192892812
-2.818402023,-9.268989886
-2.844945578,-9.345231779
-2.872606552,-9.422660083
-2.902667794,-9.499791349
-2.935626122,-9.577707483
-2.971196366,-9.656410388
-3.008513467,-9.7302656
-3.0465242,-9.812501002
-3.084475696,-9.886308295
-3.122243089,-9.960860966
-3.160313685,-10.04079057
-3.199499416,-10.11465714
-3.240528896,-10.18967085
-3.283636651,-10.26742219
-3.32822893,-10.33993222
-3.372735659,-10.4138489
-3.414882636,-10.48653773
-3.452579796,-10.55982007
-3.484374875,-10.61513865
-3.511905387,-10.68441768
-3.53785381,-10.74618594
-3.564075178,-10.80592168
-3.593543428,-10.90305405
-3.627200661,-10.93485832
-3.664625936,-10.98137453
-3.704633477,-11.05883685
-3.745358883,-11.06719511
-3.785202405,-11.0590415
-3.823801771,-11.08486444
-3.862067967,-11.1810184
-3.901443311,-11.13809243
-3.943135562,-11.1782786
-3.987681283,-11.18271874
-4.034747815,-11.20446452
-4.082991656,-11.20466142
-4.130065788,-11.22231312
-4.172664318,-11.1479559
-4.209703054,-11.23938818
-4.241549155,-11.24029266
-4.270495199,-11.30258823
-4.299610326,-11.20960495
-4.331379051,-11.16600135
-4.366921128,-11.15790362
-4.407817721,-11.17846549
-4.453039927,-11.19653674
-4.499164899,-11.02863232
-4.54251375,-11.15886943
-4.581585012,1.277812281
-4.617614652,0.9412908438
-4.653194069,0.9987321986
-4.69071078,0.9338971839
-4.730528868,0.7807813431
-4.773905689,0.5939140062
-4.820552807,0.4771465819
-4.86766505,0.4522744366
-4.912109176,0.4352579844
-4.951047398,0.3917187981
-4.984057795,0.323601905
-5.012625185,0.2346664173
-5.041130375,0.1300049335
-5.073005263,0.01379688298
-5.110520041,-0.1099871601
-5.154032766,-0.2365451181
-5.201838314,-0.3593642066
-5.249992039,-0.4706655494
-5.293648465,-0.5644630385
-5.329417763,-0.6402373019
-5.357327504,-0.7047695332
-5.380407491,-0.7638115968
-5.403589255,-0.8237779359
-5.429168715,-0.8881851152
-5.458126168,-0.9585749545
-5.490350141,-1.035184813
-5.524791128,-1.117566105
-5.559457086,-1.204833103
-5.592538208,-1.296828809
-5.62269831,-1.392088229
-5.650209282,-1.4895021
-5.677980234,-1.587443252
-5.708731532,-1.68565995
-5.743920299,-1.783241915
-5.783431773,-1.879313085
-5.825426029,-1.973001703
-5.866691163,-2.06349912
-5.903802816,-2.15020947
-5.934170531,-2.232916503
-5.95702167,-2.311832676
-5.974204456,-2.38763038
-5.989545125,-2.461396655
-6.006444198,-2.534699025
-6.026801906,-2.60799621
-6.050833352,-2.681482349
-6.077659914,-2.755677045
-6.106048936,-2.830750129
-6.134976354,-2.906661969
-6.163949809,-2.98321442
-6.193120104,-3.060115117
-6.223160291,-3.137053296
-6.254908905,-3.21376035
-6.288965828,-3.290016488
-6.325331532,-3.365134356
-6.363348579,-3.440718221
-6.401902889,-3.517103483
-6.438553498,-3.592283276
-6.470195314,-3.668418919
-6.496250878,-3.744879629
-6.518595098,-3.822029891
-6.539049804,-3.900235923
-6.559028596,-3.979557699
-6.579440758,-4.059780389
-6.60272142,-4.140646559
-6.629589046,-4.221904353
-6.659265101,-4.302827663
-6.69047973,-4.383832373
-6.722200684,-4.464709597
-6.754052485,-4.545335761
-6.786333873,-4.62564342
-6.819679283,-4.705601859
-6.85463332,-4.785206039
-6.891350896,-4.864466275
-6.929459176,-4.943410663
-6.968034809,-5.021093017
-7.005667489,-5.09895515
-7.040772101,-5.17714517
-7.072133643,-5.254863995
-7.099476831,-5.332083844
-7.123646052,-5.40890073
-7.146229267,-5.485343094
-7.168965727,-5.561434805
-7.193270276,-5.637229055
-7.219956594,-5.712797748
-7.24918573,-5.788213845
-7.280597151,-5.863544189
-7.313545052,-5.938859316
-7.347389145,-6.014238561
-7.381802638,-6.089567215
-7.416826474,-6.165297937
-7.452774523,-6.241506399
-7.490005554,-6.318025378
-7.528659274,-6.394847294
-7.568371351,-6.472056616
-7.60824391,-6.549625596
-7.646851743,-6.627444391
-7.682695565,-6.70544657
-7.714854986,-6.783596282
-7.743443597,-6.861847777
-7.769549388,-6.940112789
-7.794806116,-7.018293149
-7.820830085,-7.095170605
-7.848797396,-7.173491838
-7.879202174,-7.250002491
-7.91199848,-7.32843943
-7.946686882,-7.40557651
-7.982574945,-7.483513559
-8.019159312,-7.561169766
-8.056263471,-7.638775466
-8.094012526,-7.716433015
-8.132843729,-7.794050523
-8.173106137,-7.871617608
-8.214819361,-7.949036311
-8.257455958,-8.026333507
-8.299821608,-8.103489929
-8.340473886,-8.180432737
-8.377792991,-8.257295752
-8.411257644,-8.334118722
-8.441254058,-8.41075849
-8.469320555,-8.487538555
-8.497400069,-8.564329667
-8.526945946,-8.641349589
-8.558934136,-8.717306954
-8.593616728,-8.794945773
-8.630730545,-8.871045181
-8.669151969,-8.948078868
-8.708585852,-9.024501178
-8.747887884,-9.101308286
-8.787552804,-9.178740142
-8.82778318,-9.255610797
-8.869326381,-9.332748501
-8.912552712,-9.409439454
-8.957563481,-9.487604414
-9.003803775,-9.564510868
-9.049467228,-9.642265389
-9.092475209,-9.720394601
-9.130909889,-9.795917276
-9.164134856,-9.873119182
-9.193878681,-9.953521004
-9.222545122,-10.02542928
-9.252366648,-10.10303226
-9.286205124,-10.18138097
-9.324374995,-10.26347466
-9.365938771,-10.33020863
-9.40991267,-10.4046697
-9.453411206,-10.48108523
-9.494166925,-10.56531355
-9.534813069,-10.61664868
-9.573677027,-10.69067603
-9.613339351,-10.76583596
-9.65615625,-10.80379494
-9.701751759,-10.89771761
-9.750255567,-10.93761082
-9.799205236,-10.97192072
-9.844520828,-11.05654648
1.336499765,-11.07451042
1.116973613,-11.10084351
1.186655781,-11.11234215
1.157005683,-11.1480647
1.15527516,-11.17737405
1.157177672,-11.13447797
1.116289914,-11.13855417
1.03301118,-11.09989461
0.9438717661,-11.11859693
0.9059678828,-11.22143116
0.9120484085,-11.24466835
0.9139983809,-11.15294628
0.8938324,-11.16994961
0.8535015953,-11.31095793
0.8015781155,-11.24187845
0.748582482,-11.12938334
0.7048419722,-11.10671063
0.6666670519,-11.15423853
0.6303964345,-11.03327578
0.5956085191,-11.17584964
0.5607864787,-11.21340814
0.5235479823,-11.12579609
0.4847262452,-11.19563957
0.4467376198,-11.14125116
0.409734981,0.8615045826
0.373015341,0.5236851809
0.336145611,0.5808064545
0.2994258974,0.5151937236
0.2628588571,0.3608279826
0.2276298727,0.1732430714
0.1926458979,0.0584209693
0.1567866104,0.03536101016
0.1201760447,0.01787628764
0.08327071578,-0.02708164016
0.04653296404,-0.09702344859
0.0106845491,-0.1880006958
-0.02313525233,-0.2949095574
-0.05422460091,-0.4135417434
-0.08285259215,-0.5397418892
-0.1102451472,-0.6681849508
-0.1374127073,-0.7914169345
-0.1656247439,-0.9007812299
-0.195585307,-0.9905830275
-0.2274038196,-1.062300777
-0.2603064465,-1.123240288
-0.2933386975,-1.181350097
-0.3260376135,-1.242108026
-0.3588054743,-1.308103416
-0.3911767229,-1.380606609
-0.4226123018,-1.459644121
-0.4531629595,-1.544651573
-0.4837945329,-1.634525664
-0.5151285555,-1.728752779
-0.5471714822,-1.825563928
-0.5796612071,-1.92335012
-0.6126790234,-2.020181031
-0.6458024089,-2.11582143
-0.6785107944,-2.20968261
-0.710698158,-2.301637717
-0.7422270636,-2.391688539
-0.7736163632,-2.479754416
-0.8049573474,-2.565600912
-0.8361540758,-2.648867238
-0.8672276114,-2.729248119
-0.8981766971,-2.806813158
-0.9290176514,-2.882748535
-0.9598971374,-2.956592557
-0.9908081897,-3.029222307
-1.021744042,-3.101891754
-1.052796161,-3.176063504
-1.08399324,-3.25049731
-1.114566102,-3.325655442
-1.14518028,-3.401691703
-1.176072353,-3.478550099
-1.207543315,-3.555964648
-1.239236203,-3.633547988
-1.270401426,-3.710920778
-1.300487629,-3.787806016
-1.329131885,-3.864034334
-1.356495869,-3.939244098
-1.383022159,-4.014559554
-1.409286311,-4.090031529
-1.435840178,-4.16575236
-1.463135844,-4.24193296
-1.491496688,-4.31885461
-1.52111276,-4.396706903
-1.552016045,-4.475550273
-1.583902505,-4.555777708
-1.616323762,-4.636503781
-1.647609129,-4.717615317
-1.679905225,-4.798872864
-1.712132185,-4.87996957
-1.743109814,-4.96061772
-1.77442879,-5.040644298
-1.80474191,-5.119626158
-1.834958658,-5.198323718
-1.865341264,-5.276910449
-1.895839106,-5.354233606
-1.926347865,-5.431867764
-1.956764044,-5.510269394
-1.987004133,-5.58848122
-2.017060792,-5.666544142
-2.047028527,-5.744458909
-2.077080263,-5.822152558
-2.107688842,-5.89954436
-2.139795577,-5.976567522
-2.172363728,-6.053180734
-2.204771519,-6.129380449
-2.237064617,-6.205202646
-2.269332704,-6.280713277
-2.301546336,-6.356012015
-2.333670358,-6.43121972
-2.365043025,-6.50627461
-2.395995265,-6.581536448
-2.427286917,-6.65694957
-2.459812173,-6.73298758
-2.493975836,-6.809114273
-2.528800718,-6.885684765
-2.566046411,-6.962590607
-2.605031077,-7.039717439
-2.645220379,-7.11721398
-2.686066476,-7.194429537
-2.727155421,-7.272108051
-2.768314182,-7.349799732
-2.809534677,-7.427614842
-2.850875638,-7.505533707
-2.892411251,-7.583502394
-2.93420536,-7.66145701
-2.976278097,-7.73945132
-3.018554514,-7.817389182
-3.060816432,-7.895323287
-3.102687436,-7.973125546
-3.143646338,-8.050765193
-3.182953465,-8.128366659
-3.221268014,-8.205818044
-3.257074173,-8.283177256
-3.290903616,-8.360347958
-3.3233954,-8.437522904
-3.354920032,-8.514585932
-3.385630642,-8.591788429
-3.415607761,-8.668994015
-3.444880644,-8.746150033
-3.473418078,-8.823219681
-3.501176092,-8.900343705
-3.528178328,-8.976457277
-3.554568306,-9.053891933
-3.580604067,-9.130084838
-3.606607356,-9.206930414
-3.632898221,-9.283392044
-3.659740463,-9.361282399
-3.687309564,-9.438246048
-3.715684511,-9.515159416
-3.744859866,-9.591564938
-3.77477218,-9.667384827
-3.805333842,-9.746631689
-3.835647895,-9.822884155
-3.867553635,-9.899518382
-3.900351747,-9.972184082
-3.933661763,-10.04994286
-3.967460308,-10.12929449
-4.001879593,-10.20254502
-4.037069391,-10.28109319
-4.07313353,-10.35733699
-4.110112824,-10.43039358
-4.147992179,-10.50476943
-4.186718904,-10.57535373
-4.226223457,-10.64005609
-4.266436132,-10.70724821
-4.307291511,-10.77574521
-4.348685593,-10.84332641
-4.391412472,-10.89577662
-4.434554591,-10.92970221
-4.478595908,-11.00959212
-4.523856828,-11.04402872
-4.570439543,-11.08461156
-4.618287508,-11.12040297
-4.667256552,-11.10874791
-4.716767392,-11.18591644
-4.767588286,-11.19244442
-4.819008443,-11.17935206
-4.870716938,-11.21350739
-4.922586878,-11.16458005
-4.974530802,-11.22455064
-5.026382242,-11.14956149
-5.077845452,-11.22514674
-5.128514214,-11.22107441
-5.177917905,-11.2049287
-5.225557121,-11.14307122
-5.270924747,-11.145562
-5.313522706,-11.1831786
-5.354309643,-11.10333757
-5.39207823,-11.19234509
-5.426714096,-11.17939668
-5.458854858,0.4359009308
-5.489375001,0.0982244348
-5.518910911,0.1552028191
-5.547780068,0.08952362709
-5.576133598,-0.06481345281
-5.604125302,-0.2523557149
-5.631993167,-0.3671404059
-5.659755873,-0.390511939
-5.688521771,-0.4079829876
-5.718190968,-0.4527727269
-5.748937153,-0.5224666329
-5.781098947,-0.6131691402
-5.81494353,-0.719789543
-5.850597157,-0.8381246276
-5.888065556,-0.9640475564
-5.927263805,-1.092330442
-5.968030396,-1.215708892
-6.010129024,-1.325697873
-6.053248588,-1.416507458
-6.097007604,-1.48869441
-6.140938083,-1.550736785
-6.184288292,-1.609245929
-6.227074331,-1.669590162
-6.269156057,-1.735124026
-6.309366925,-1.807080518
-6.347344867,-1.885587661
-6.382992688,-1.970083513
-6.416275894,-2.059449169
-6.447152539,-2.153338723
-6.475606235,-2.250017514
-6.50173226,-2.348038052
-6.525797786,-2.445581576
-6.548242026,-2.542395686
-6.569570376,-2.637781973
-6.590149271,-2.731336283
-6.610176944,-2.822729319
-6.629764793,-2.91161389
-6.648945334,-2.997637244
-6.667649029,-3.080514251
-6.685757184,-3.160144134
-6.703120127,-3.236859966
-6.719638536,-3.311493857
-6.73525916,-3.385435722
-6.749978911,-3.458066745
-6.763840028,-3.531693267
-6.776903616,-3.605588729
-6.789264682,-3.680214985
-6.801045368,-3.755737149
-6.812387714,-3.832108277
-6.823453933,-3.909097112
-6.834410251,-3.986369993
-6.845430127,-4.063587367
-6.856684154,-4.140475516
-6.868324978,-4.216849205
-6.880503843,-4.292389596
-6.893347698,-4.367466997
-6.906968394,-4.443016055
-6.921457988,-4.518811846
-6.93689523,-4.594792839
-6.953334,-4.671302482
-6.970831231,-4.748643362
-6.989413795,-4.82699423
-7.009120328,-4.90639206
-7.029979129,-4.987203091
-7.05220135,-5.068486941
-7.076572242,-5.150078336
-7.102146471,-5.231704199
-7.128440051,-5.313084113
-7.155639874,-5.393983737
-7.184043675,-5.473813388
-7.213831189,-5.553240251
-7.244549882,-5.632226487
-7.276069357,-5.710893187
-7.308809315,-5.78840039
-7.343220257,-5.866075384
-7.378962769,-5.944445918
-7.41712247,-6.022554175
-7.456840982,-6.100433461
-7.497858656,-6.178087996
-7.540264289,-6.255461969
-7.584187779,-6.332513007
-7.629691524,-6.409216117
-7.676757946,-6.485562848
-7.725326747,-6.561561494
-7.775349336,-6.637243029
-7.826742838,-6.712673569
-7.879460214,-6.78793957
-7.933417232,-6.863158763
-7.988444524,-6.93821032
-8.044335902,-7.013452101
-8.100820434,-7.089318063
-8.157457869,-7.165570752
-8.213754375,-7.242090178
-8.26914302,-7.318663805
-8.322938338,-7.395821435
-8.374457188,-7.472307524
-8.423111153,-7.550947397
-8.46858652,-7.627821513
-8.510337584,-7.705778007
-8.549027823,-7.783487396
-8.582354941,-7.860722958
-8.612007254,-7.938332528
-8.63979201,-8.016033181
-8.665463562,-8.093748791
-8.689887207,-8.171534779
-8.713605046,-8.249461396
-8.737579339,-8.327333756
-8.760801708,-8.405517541
-8.782887367,-8.483599029
-8.804491654,-8.561455402
-8.82415372,-8.639264754
-8.842743437,-8.716789233
-8.86023408,-8.794330012
-8.876577996,-8.872036926
-8.891754144,-8.948838518
-8.906401904,-9.025855986
-8.919797661,-9.103248488
-8.932509512,-9.180007469
-8.945507967,-9.257026656
-8.958439116,-9.333033352
-8.971216753,-9.408994102
-8.985098784,-9.486972208
-8.998986555,-9.563942917
-9.013760995,-9.640702745
-9.031056818,-9.716761019
-9.048968238,-9.792729105
-9.067840201,-9.871585564
-9.087800728,-9.947320236
-9.109236664,-10.02343572
-9.132021029,-10.10166043
-9.156846938,-10.17804283
-9.18332738,-10.25350148
-9.211159399,-10.33428522
-9.241021438,-10.4020425
-9.271859765,-10.47699174
-9.305391474,-10.55787848
-9.34036086,-10.6277814
-9.376943335,-10.69161644
-9.415445685,-10.75304226
-9.455750173,-10.82189899
-9.4974571,-10.86188178
-9.54106245,-10.92980133
0.9087074259,-10.96674579
0.6844104372,-10.99334388
0.7569732621,-11.04029636
0.7272626104,-11.07681154
0.7218756774,-11.04397798
0.7176416203,-11.15704974
0.6699320012,-11.10947269
0.5785471973,-11.12377127
0.4823774257,-11.16245831
0.4411580474,-11.15834044
0.44502184,-11.16000124
0.4440485741,-11.17614392
0.4203143316,-11.20449894
0.3790892491,-11.25149941
0.333454005,-11.26379923
0.2939866977,-11.23092797
0.2641586762,-11.20600462
0.2406173829,-11.29792935
0.2206886006,-11.22979407
0.2004615731,-11.27599587
0.17675525,0.009070131378
0.1487631068,-0.3286865018
0.1152962339,-0.2716721896
0.07533818486,-0.3373579019
0.0281313477,-0.4917401533
-0.0210488376,-0.6793174328
-0.07351170931,-0.7939987005
-0.1262739453,-0.8172942033
-0.1757385137,-0.8347950807
-0.2203240135,-0.8796691252
-0.2632477188,-0.9494801593
-0.3023212248,-1.040315266
-0.3365629962,-1.147084865
-0.367200756,-1.26558464
-0.3954360464,-1.391672295
-0.4235006492,-1.520072947
-0.4528609741,-1.643436105
-0.4841152516,-1.753199158
-0.5173200068,-1.843607966
-0.5524932232,-1.915213861
-0.5895067424,-1.977112913
-0.6290613489,-2.03554042
-0.6703208322,-2.095939804
-0.7124442979,-2.161643117
-0.7538080224,-2.233833433
-0.7941436151,-2.312617217
-0.8294741023,-2.397410171
-0.8614115143,-2.487047164
-0.8914092845,-2.581146943
-0.9219651976,-2.677922993
-0.9539774697,-2.775867457
-0.9872811525,-2.873137085
-1.021254276,-2.969501137
-1.054860704,-3.064319304
-1.086997515,-3.157297939
-1.116983268,-3.248225359
-1.144427165,-3.336842573
-1.169427789,-3.422829716
-1.19241601,-3.505865998
-1.214336219,-3.585773117
-1.236123362,-3.662792842
-1.258902649,-3.737658023
-1.283675043,-3.811737476
-1.31006893,-3.88448917
-1.336984413,-3.958013012
-1.362972163,-4.031730424
-1.386609966,-4.106180944
-1.406845624,-4.18157846
-1.423283751,-4.257895695
-1.436326266,-4.334898096
-1.446931154,-4.412240095
-1.456247577,-4.489567342
-1.465317213,-4.566588891
-1.47499094,-4.643109247
-1.486084027,-4.718947333
-1.499261339,-4.794080826
-1.515026995,-4.869422177
-1.533997641,-4.945054684
-1.556537201,-5.020944993
-1.582663853,-5.097340481
-1.612068151,-5.174524411
-1.644597025,-5.252673613
-1.680082096,-5.331834109
-1.718275178,-5.412393075
-1.758923756,-5.49343071
-1.801839405,-5.574803046
-1.845599931,-5.656258996
-1.890700561,-5.737516492
-1.936855687,-5.818321172
-1.983313908,-5.89808998
-2.031133718,-5.977439374
-2.079590585,-6.056347033
-2.127782313,-6.134969276
-2.174696452,-6.212403658
-2.219380512,-6.290057889
-2.261212857,-6.368456649
-2.299928003,-6.446640435
-2.335404547,-6.524615429
-2.367660185,-6.602382893
-2.398187558,-6.679876722
-2.425054606,-6.757047125
-2.449697586,-6.833859912
-2.472876646,-6.91029579
-2.494954828,-6.986368553
-2.51591673,-7.062102339
-2.535682598,-7.137575006
-2.554381998,-7.212855312
-2.572459345,-7.288071212
-2.590581786,-7.363132749
-2.60944829,-7.438370133
-2.629630555,-7.513990215
-2.651506491,-7.589915983
-2.675272711,-7.666131038
-2.700996863,-7.74250817
-2.728681642,-7.819328672
-2.758326892,-7.896779499
-2.789980087,-7.974587229
-2.823766943,-8.052403659
-2.859897464,-8.130157518
-2.899692489,-8.207926874
-2.941928596,-8.285704068
-2.985897566,-8.363654749
-3.032782944,-8.441880433
-3.083397085,-8.519917487
-3.136877119,-8.598323881
-3.19326948,-8.676577246
-3.251038479,-8.754930087
-3.308331866,-8.833073401
-3.363496717,-8.910871876
-3.415074441,-8.988517489
-3.461545482,-9.066446033
-3.501325689,-9.143867461
-3.535440578,-9.221467221
-3.563857798,-9.298659355
-3.587533121,-9.376453868
-3.608470685,-9.453594626
-3.628752747,-9.529685942
-3.649816407,-9.607586863
-3.672372614,-9.684837967
-3.696692169,-9.760789496
-3.722933546,-9.839115821
-3.751629422,-9.913020748
-3.782857933,-9.98921098
-3.816502841,-10.06542656
-3.852510683,-10.14350982
-3.890424729,-10.21935482
-3.929832577,-10.29869415
-3.970004431,-10.37076597
-4.009006,-10.44657276
-4.04830252,-10.51718817
-4.086473235,-10.59552703
-4.12231066,-10.64162126
-4.155236815,-10.73358402
-4.185181461,-10.77854411
-4.213120888,-10.84577985
-4.23755606,-10.88624359
-4.258923373,-10.93246624
-4.277769785,-11.02683159
-4.294413866,-11.03592059
-4.30905165,-11.04720366
-4.321934453,-11.11545364
-4.33341273,-11.11737061
-4.34388197,-11.0716292
-4.353743886,-11.11495278
-4.363382857,-11.19882475
-4.373145241,-11.09447414
-4.383332934,-11.10310502
-4.394209383,-11.07571087
-4.406008726,-11.21473886
-4.418943768,-11.25919095
-4.433211541,-11.24967605
-4.448996602,-11.19478008
-4.466471526,-11.21370035
-4.48579434,-11.21481205
-4.50710385,-11.20576635
-4.530514255,-11.22129478
-4.556110794,-11.1720606
-4.583947591,-11.21353141
-4.614048195,-11.17949703
-4.646408818,-0.4175782866
-4.681003568,-0.7553061755
-4.718459497,-0.6983064317
-4.758244085,-0.7639931148
-4.799209515,-0.9183604443
-4.841746005,-1.1059231
-4.886289843,-1.220636776
-4.93297113,-1.243958982
-4.981579786,-1.261450542
-5.031016263,-1.306295633
-5.082597979,-1.376065255
-5.136108666,-1.466853275
-5.190894571,-1.573569789
-5.246339103,-1.692010796
-5.301994188,-1.818039373
-5.357554286,-1.946397465
-5.412792015,-2.069765932
-5.467495746,-2.179610911
-5.521434528,-2.270165877
-5.574357705,-2.341994203
-5.626008249,-2.403939716
-5.676116162,-2.462397879
-5.72437401,-2.522778172
-5.770417548,-2.588419431
-5.813827221,-2.660523653
-5.854069379,-2.739204774
-5.892674167,-2.82388637
-5.928396613,-2.913420882
-5.961872566,-3.007440111
-5.993805069,-3.104177632
-6.024957374,-3.202148805
-6.056042181,-3.299520003
-6.087637229,-3.396052235
-6.120125434,-3.491083135
-6.153703702,-3.584277424
-6.18843084,-3.675379027
-6.224244515,-3.76409582
-6.259857727,-3.850095759
-6.297095044,-3.933071516
-6.334514298,-4.012873613
-6.370476041,-4.089778252
-6.403047708,-4.164555163
-6.430569079,-4.238583924
-6.451508175,-4.311298446
-6.46528056,-4.384852433
-6.472411895,-4.458634263
-6.474432617,-4.533150433
-6.473291121,-4.608595563
-6.470791461,-4.684933468
-6.468343014,-4.761929955
-6.466929601,-4.839243992
-6.467217286,-4.916527427
-6.469638385,-4.993496495
-6.474460315,-5.069961008
-6.481829755,-5.145707929
-6.491798048,-5.220838939
-6.504354011,-5.29622748
-6.519430825,-5.371912464
-6.536938394,-5.447838541
-6.556764391,-5.524277671
-6.578783654,-5.601518302
-6.602859208,-5.679736801
-6.628848849,-5.75897558
-6.656588272,-5.83961755
-6.685906238,-5.920734894
-6.716617889,-6.002177686
-6.748524522,-6.083687513
-6.781416755,-6.164986649
-6.815079631,-6.245825981
-6.849298888,-6.325618012
-6.883856931,-6.404999137
-6.918545399,-6.483935943
-6.953163629,-6.562573356
-6.987516156,-6.640034171
-7.021434131,-6.717694992
-7.054748307,-6.796082751
-7.087331401,-6.874234888
-7.119071193,-6.952174984
-7.149899887,-7.029890103
-7.179775994,-7.107343227
-7.208714401,-7.184465243
-7.236766436,-7.261232834
-7.264027745,-7.337633793
-7.290613772,-7.413683733
-7.316693679,-7.489396865
-7.342438837,-7.564848602
-7.368021216,-7.640130141
-7.39368539,-7.715351078
-7.419616414,-7.790427559
-7.446022696,-7.865630594
-7.47310339,-7.941465383
-7.501081548,-8.017658927
-7.530130419,-8.094211422
-7.560420046,-8.170791369
-7.592112596,-8.247763205
-7.625353964,-8.324207579
-7.660270155,-8.402683617
-7.696948358,-8.479688417
-7.735547418,-8.556978524
-7.776106296,-8.635055732
-7.818710577,-8.712473175
-7.863437875,-8.79005865
-7.91035867,-8.867575339
-7.959487968,-8.945122355
-8.010344924,-9.022975315
-8.063980933,-9.100879536
-8.120381716,-9.17832952
-8.179056121,-9.257530517
-8.239649547,-9.334953972
-8.30191979,-9.413361969
-8.365610828,-9.490647274
-8.43031242,-9.568037417
-8.495531983,-9.644975401
-8.560158575,-9.722596105
-8.623109334,-9.799471586
-8.683048598,-9.878909087
-8.738325224,-9.954436864
-8.78773287,-10.03223936
-8.830505078,-10.10560474
-8.865942035,-10.18328934
-8.895907565,-10.25410001
-8.920174284,-10.32959932
-8.939933152,-10.40341231
-8.95632771,-10.48694857
-8.970718318,-10.55713098
-8.984017613,-10.62691901
-8.996675655,-10.68245291
-9.008761429,-10.76184559
-9.020754292,-10.82079853
-9.032386561,-10.88480625
-9.043319842,-10.90938333
-9.054270997,-10.99648368
-9.064841568,-10.99794003
-9.074713528,-11.03024215
-9.085071715,-11.05043181
-9.0950306,-11.12609911
-9.104713905,-11.09173145
-9.113914147,-11.18417691
-9.123840417,-11.10691222
-9.13322628,-11.10588177
-9.142895857,-11.09020202
-9.153509328,-11.10004188
-9.16323507,-11.14150469
-9.174294835,-11.18318661
-9.185377769,-11.20242413
-9.198168955,-11.23407193
-9.211260406,-11.16244917
-9.225210758,-11.16449631
-9.240058892,-11.19119861
-9.256671213,-11.08252626
-9.274312122,-11.17320199
-9.292754532,-11.17315924
-9.312873282,-11.15816118
-9.333623958,-11.24437348
-9.356947692,-11.2047163
-9.380785862,-11.22357382
-9.406049833,-0.8443027222
-9.432436608,-1.18205143
-9.459761889,-1.125044551
-9.489428185,-1.190731221
-9.520255856,-1.345103913
-9.551470737,-1.532667149
0.3573618044,-1.647363803
0.1305762373,-1.670680213
0.2020000046,-1.688180511
0.1706713015,-1.733039184
0.1654152497,-1.802824457
0.1625984098,-1.893628648
0.1156994649,-2.00036276
0.02511369624,-2.118823362
-0.06853172433,-2.244871971
-0.1052565416,-2.373244354
-0.09840343733,-2.496609522
-0.09812668405,-2.606422797
-0.1215086959,-2.696922487
-0.1633488463,-2.768669987
-0.2125187486,-2.830596848
-0.2589343559,-2.889044214
-0.2980351218,-2.949432266
-0.3310327192,-3.015096905
-0.3624171525,-3.087233249
-0.3940460728,-3.165952451
-0.4289810842,-3.2506752
-0.466848019,-3.340247673
-0.5072196648,-3.434296791
-0.5497253567,-3.531048869
-0.5924846845,-3.629010738
-0.6366380114,-3.726345091
-0.6802631723,-3.822815814
-0.7222137714,-3.917768453
-0.761533437,-4.010882964
-0.7978264214,-4.101919641
-0.8318419231,-4.190598706
-0.8655173424,-4.276592822
-0.8974900051,-4.359589919
-0.9289775091,-4.439429998
-0.9601719398,-4.516376625
-0.9907623603,-4.591185715
-1.020448829,-4.665233157
-1.049412038,-4.737962568
-1.077629724,-4.81150412
-1.107863048,-4.885261636
-1.140541166,-4.959753184
-1.175666588,-5.035180335
-1.212544259,-5.111510178
-1.249659003,-5.188508311
-1.28733373,-5.265832084
-1.324054665,-5.343131237
-1.360921299,-5.420119409
-1.396003191,-5.496604679
-1.428909545,-5.572387582
-1.46027613,-5.647520653
-1.491580134,-5.722889541
-1.524003867,-5.798554829
-1.557825049,-5.874467983
-1.592437824,-5.950891337
-1.626563899,-6.028110706
-1.65891085,-6.106303162
-1.688718931,-6.185511853
-1.715898172,-6.26612143
-1.740911391,-6.347207998
-1.764438761,-6.428623083
-1.787227801,-6.51011341
-1.809932879,-6.591396062
-1.832923863,-6.672220049
-1.856279286,-6.752006246
-1.879845403,-6.831376435
-1.903452402,-6.910301132
-1.926860359,-6.988932445
-1.949844086,-7.066383218
-1.972295378,-7.144035856
-1.994246372,-7.22242818
-2.015810405,-7.300600695
-2.037108031,-7.378544949
-2.057536897,-7.456281619
-2.078759429,-7.533755864
-2.100442379,-7.610897518
-2.12219841,-7.68767918
-2.143978839,-7.764105567
-2.165974051,-7.840169355
-2.188327773,-7.915894586
-2.213871545,-7.991304061
-2.24119207,-8.066610309
-2.270040478,-8.141834509
-2.30068872,-8.216860436
-2.332163968,-8.29208325
-2.366986974,-8.367968348
-2.404794297,-8.443729175
-2.443972109,-8.519973281
-2.483472341,-8.595714069
-2.523330134,-8.673215659
-2.56461947,-8.750508122
-2.608574894,-8.828343582
-2.654135844,-8.906117122
-2.700852009,-8.984098898
-2.748372376,-9.061715556
-2.79622786,-9.139243256
-2.843939784,-9.217720845
-2.891135011,-9.295200951
-2.937584089,-9.374017867
-2.983170577,-9.452188811
-3.027786229,-9.530636348
-3.072411075,-9.608581155
-3.116715916,-9.686692559
-3.160872203,-9.766239046
-3.205021195,-9.841011846
-3.249127072,-9.918309909
-3.292803091,-9.99791081
-3.335733928,-10.07735993
-3.376743564,-10.15189514
-3.415185614,-10.22740579
-3.451113117,-10.30154529
-3.485258837,-10.379626
-3.518627611,-10.45206255
-3.552166537,-10.53187745
-3.586554674,-10.58123817
-3.622104482,-10.66679073
-3.657457937,-10.74239119
-3.693290059,-10.79881825
-3.729273452,-10.84797632
-3.765433978,-10.90939265
-3.800379166,-10.96336323
-3.834220894,-11.02958052
-3.867797805,-11.0525431
-3.901983032,-11.06047826
-3.937159745,-11.04588299
-3.973065529,-11.16374102
-4.008551426,-11.04828948
-4.04270996,-11.09943295
-4.073673581,-11.17863527
-4.100114329,-11.16653557
-4.121352017,-11.25783211
-4.137930699,-11.23925877
-4.15063193,-11.19887378
-4.160648035,-11.20902081
-4.169056968,-11.21811073
-4.176721276,-11.27862482
-4.184219435,-11.28707156
-4.191912077,-11.21637712
-4.200063574,-11.25561124
-4.208930019,-11.2401699
-4.218787029,-11.22606503
-4.229917619,-11.21574619
-4.242587024,-11.17554877
-4.257018749,-11.18989382
-4.273376073,-11.24050501
-4.291750338,-11.30025511
-4.312157136,-11.27344777
-4.33454127,-11.28863605
-4.358790167,-1.270999793
-4.384754089,-1.608728447
-4.411046377,-1.551719892
-4.439945389,-1.617419217
-4.470881235,-1.771805254
-4.503070735,-1.959371472
-4.536169426,-2.074061781
-4.570164444,-2.097382675
-4.605138646,-2.114889333
-4.641123711,-2.159748925
-4.678050299,-2.229529343
-4.715761945,-2.320324907
-4.754055675,-2.427047983
-4.792719214,-2.545496496
-4.831551299,-2.671533613
-4.870367592,-2.799897713
-4.909000146,-2.923261759
-4.947295654,-3.033084381
-4.985112395,-3.123602049
-5.022314129,-3.195377393
-5.060623434,-3.257310842
-5.097855786,-3.315762666
-5.134285375,-3.376149004
-5.170172429,-3.441806229
-5.205637771,-3.513931657
-5.240742665,-3.592637311
-5.275549366,-3.677344926
-5.310127982,-3.766903013
-5.344569871,-3.860940698
-5.379009787,-3.95768718
-5.413627183,-4.055652757
-5.448620724,-4.153002131
-5.483004979,-4.249498018
-5.518790194,-4.34448295
-5.556273644,-4.437630846
-5.595045705,-4.528695367
-5.634655762,-4.617391596
-5.675011472,-4.703390036
-5.716367178,-4.78638016
-5.759085854,-4.866205916
-5.803425161,-4.94313577
-5.84945674,-5.017931299
-5.897089703,-5.09197061
-5.946116889,-5.164693545
-5.996225865,-5.238238708
-6.046958946,-5.312004711
-6.097644793,-5.386505367
-6.147330445,-5.461939371
-6.194735803,-5.53827261
-6.238242753,-5.615270583
-6.275414506,-5.692590832
-6.306248609,-5.769884434
-6.329842484,-5.846865546
-6.346712062,-5.923342918
-6.358130476,-5.999112715
-6.365679954,-6.074243699
-6.370921531,-6.149619008
-6.37515684,-6.225291125
-6.379351133,-6.301209421
-6.384181199,-6.377638825
-6.390115727,-6.454866318
-6.397475179,-6.533069034
-6.406464706,-6.612287767
-6.417194082,-6.692909913
-6.429690711,-6.774010444
-6.443919733,-6.855435766
-6.459804924,-6.936933234
-6.477244377,-7.018221979
-6.496126646,-7.09905585
-6.516334779,-7.178839822
-6.537758435,-7.258215637
-6.558929319,-7.33715613
-6.582191705,-7.415788376
-6.607066165,-7.493238515
-6.632875777,-7.570892959
-6.659269229,-7.649279449
-6.686120752,-7.727449973
-6.713374642,-7.805392118
-6.74099723,-7.883136977
-6.768948605,-7.960583763
-6.79717803,-8.03772423
-6.825629001,-8.11450131
-6.85564552,-8.190914462
-6.883595662,-8.266948887
-6.913452206,-8.342641657
-6.942864483,-8.418067296
-6.972005001,-8.493485799
-7.001208271,-8.56873546
-7.030622103,-8.643649292
-7.060256933,-8.719018631
-7.090090748,-8.794606141
-7.120118205,-8.870226213
-7.150355954,-8.946428841
-7.180850373,-9.023861128
-7.211669071,-9.100786286
-7.242902257,-9.177492239
-7.273227774,-9.255342525
-7.306376616,-9.333024736
-7.338880912,-9.410175072
-7.372414235,-9.487438946
-7.407166386,-9.5660305
-7.443075176,-9.644688063
-7.480074309,-9.722151639
-7.518145315,-9.798699619
-7.557379942,-9.879074799
-7.597897983,-9.957016674
-7.639814035,-10.03518024
-7.68321095,-10.11192283
-7.728140619,-10.18899992
-7.77460888,-10.25996976
-7.822636196,-10.34058758
-7.872231329,-10.4188378
-7.923423626,-10.48389975
-7.976214334,-10.56127403
-8.030527819,-10.63488895
-8.08623291,-10.69781208
-8.143054302,-10.76608159
-8.200569291,-10.8294106
-8.258127685,-10.88153548
-8.314744114,-10.93588707
-8.369115582,-10.9765886
-8.419370061,-10.9991403
-8.463478851,-11.05879987
-8.501675881,-11.07717609
-8.532377644,-11.08636339
-8.555367852,-11.10437744
-8.571637125,-11.17566517
-8.582911215,-11.21888912
-8.591015009,-11.14277554
-8.59735213,-11.18411064
-8.602901098,-11.17338765
-8.608449485,-11.13874637
-8.614304405,-11.1710867
-8.621319222,-11.20254802
-8.629151104,-11.19502013
-8.638194265,-11.19944388
-8.648235607,-11.19672746
-8.659479807,-11.18646446
-8.672017135,-11.16539075
-8.685568079,-11.20842838
-8.700232646,-11.25823394
-8.715883861,-11.20534057
-8.732451743,-11.23256575
-8.749796003,-11.20776843
-8.767941859,-11.24539702
-8.786671998,-11.29794263
-8.806426827,-11.26258151
-8.826767294,-11.19667667
-8.847399605,-1.697727035
-8.868951006,-2.035339097
-8.890755236,-1.978348795
-8.913127273,-2.044096363
-8.936332053,-2.198534958
-8.959570388,-2.386156469
-8.983318158,-2.500856915
-9.007510591,-2.524145653
-9.032474824,-2.541626901
-9.057861931,-2.586474825
-9.083683956,-2.656252223
-9.110185228,-2.747049273
-9.137045759,-2.853775499
-9.164896914,-2.972226588
-9.193597534,-3.098264671
-9.222187114,-3.226628614
-9.25043259,-3.349992476
-9.28254497,-3.45981463
-9.313055431,-3.550329598
-9.344383848,-3.622080248
-9.377613704,-3.684024008
-9.412317623,-3.742472441
-9.447071106,-3.802857849
-9.484020727,-3.868517782
-0.2152094169,-3.940646937
-0.4425078665,-4.019356239
-0.3713375389,-4.104066086
-0.4028057354,-4.193621037
-0.4081852799,-4.287652042
-0.4115019445,-4.384386571
-0.4591065425,-4.482334957
-0.5511041361,-4.579666891
-0.6459690477,-4.676147366
-0.6825944268,-4.771122918
-0.6750942207,-4.864271014
-0.6746305786,-4.955346444
-0.6980494469,-5.04406308
-0.7392560782,-5.130087719
-0.7864003936,-5.213103989
-0.8290498699,-5.292950508
-0.8636779456,-5.369893302
-0.8920609662,-5.444693398
-0.9187577021,-5.518733044
-0.9468509596,-5.591454561
-0.97840847,-5.664992454
-1.014134668,-5.73875055
-1.053937218,-5.8132467
-1.097210194,-5.888681144
-1.140833029,-5.965019816
-1.185953734,-6.042025241
-1.232072825,-6.11935453
-1.275932915,-6.196655459
-1.317849866,-6.273641149
-1.356778373,-6.350121412
-1.392611503,-6.425891683
-1.425744277,-6.501017594
-1.456870217,-6.576380923
-1.486774766,-6.652043142
-1.517043142,-6.727952544
-1.5456932,-6.804372675
-1.575573198,-6.881597883
-1.606384848,-6.959790622
-1.638101027,-7.039009052
-1.671987026,-7.119626182
-1.70797643,-7.200724353
-1.745756319,-7.282150125
-1.784815111,-7.363650821
-1.824992748,-7.444938591
-1.865017507,-7.525771094
-1.903733161,-7.605563246
-1.940118749,-7.684933577
-1.973201861,-7.763865201
-2.006151741,-7.842513905
-2.0386117,-7.919967407
-2.071276015,-7.997603329
-2.104107414,-8.076007143
-2.13701536,-8.154200559
-2.169312615,-8.232139615
-2.199967116,-8.309933787
-2.227959377,-8.387432752
-2.252860948,-8.464475066
-2.275068884,-8.54115787
-2.295444227,-8.617738069
-2.31494061,-8.693702165
-2.334364218,-8.76963801
-2.354269469,-8.844770031
-2.374952325,-8.920382099
-2.39640548,-8.994964351
-2.418382033,-9.070951926
-2.440486815,-9.146173805
-2.462311274,-9.221657259
-2.483568378,-9.29784245
-2.504166255,-9.373960836
-2.5241929,-9.450742989
-2.543844885,-9.527373643
-2.56335278,-9.603377407
-2.582937589,-9.683163522
-2.601942364,-9.759731077
-2.622880502,-9.838276214
-2.644409103,-9.914046489
-2.666542324,-9.991232868
-2.689660397,-10.07021464
-2.71422428,-10.14401971
-2.740646461,-10.22248663
-2.76923219,-10.29478154
-2.80010715,-10.38119328
-2.83320321,-10.45799599
-2.868314805,-10.52314887
-2.90518074,-10.59816225
-2.943550087,-10.6785761
-2.98322135,-10.72731613
-3.024074367,-10.81683293
-3.065066861,-10.86911465
-3.1080826,-10.87245575
-3.152943654,-10.9766166
-3.199224454,-11.00480942
-3.246558258,-11.06284107
-3.29458788,-11.02153243
-3.342942084,-11.18138799
-3.391210724,-11.12295587
-3.438949554,-11.18282075
-3.485739652,-11.18222725
-3.531243451,-11.07161505
-3.574890543,-11.12403518
-3.618687212,-11.16716506
-3.662362846,-11.18214858
-3.705796238,-11.2238727
-3.748783972,-11.21655003
-3.791258947,-11.22270777
-3.833407508,-11.19812381
-3.874456756,-11.20877037
-3.913438587,-11.20400118
-3.949955529,-11.20002241
-3.984353177,-11.17367409
-4.017482213,-11.20931262
-4.050393032,-11.19233844
-4.084024683,-11.23741398
-4.11899053,-11.25649765
-4.153316944,-11.31749385
-4.189699606,-11.17020448
-4.226014019,-11.18413616
-4.263902213,-2.12449838
-4.300973168,-2.46205554
-4.336667879,-2.405170177
-4.371716285,-2.470889002
-4.407270192,-2.625272764
-4.444047971,-2.81302807
-4.482028623,-2.928149471
-4.520611678,-2.951095587
-4.558814481,-2.968295086
-4.595166216,-3.01302289
-4.628220069,-3.08278378
-4.65623807,-3.173624731
-4.678763968,-3.280398408
-4.696262603,-3.398861159
-4.709732327,-3.524858956
-4.720577836,-3.653141825
-4.730112899,-3.776419423
-4.739319135,-3.886193059
-4.748829573,-3.976715683
-4.759006667,-4.048444155
-4.770059134,-4.110493318
-4.782152822,-4.168982234
-4.795477341,-4.229388501
-4.810258671,-4.2950585
-4.826732709,-4.367182655
-4.845104668,-4.445872282
-4.865513768,-4.530546229
-4.888012612,-4.620034721
-4.912562353,-4.71398171
-4.939041547,-4.810610574
-4.967265261,-4.908435441
-4.997011419,-5.005644353
-5.026737565,-5.102015354
-5.058803043,-5.196910742
-5.092616985,-5.290019793
-5.12736083,-5.381099777
-5.162659871,-5.469858816
-5.198492165,-5.555950569
-5.234943076,-5.639040396
-5.272040779,-5.7189509
-5.309697432,-5.795940587
-5.347723424,-5.870769633
-5.385871897,-5.944823471
-5.423879811,-6.017549721
-5.46148862,-6.091086488
-5.498437954,-6.164844003
-5.536109449,-6.239344628
-5.57242301,-6.314790845
-5.607824878,-6.391144935
-5.642743306,-6.468167758
-5.677356102,-6.545510504
-5.711680758,-6.62281892
-5.745687832,-6.699803245
-5.77934171,-6.776272317
-5.812630735,-6.852031681
-5.845604416,-6.927133017
-5.878395349,-7.002471553
-5.911214933,-7.078098804
-5.944325577,-7.153991006
-5.978000745,-7.230395396
-6.012490862,-7.307603695
-6.048000266,-7.385795475
-6.083542179,-7.465002954
-6.12109883,-7.545625855
-6.160978203,-7.626703186
-6.202510581,-7.708137564
-6.245109955,-7.789620455
-6.28870959,-7.870902651
-6.333618806,-7.951713021
-6.380170066,-8.03149379
-6.42846073,-8.110902536
-6.478288091,-8.189819924
-6.529196803,-8.268392299
-6.580540851,-8.345892589
-6.631467141,-8.423545276
-6.680853321,-8.501919825
-6.727251186,-8.580133282
-6.768943319,-8.658269005
-6.804135951,-8.735888643
-6.832367687,-8.813443535
-6.853745567,-8.890576359
-6.868712721,-8.967354084
-6.878871973,-9.043776923
-6.885995892,-9.119882164
-6.891578857,-9.19561525
-6.896746559,-9.270669982
-6.902249666,-9.346336154
-6.908579465,-9.42080097
-6.916044358,-9.497057567
-6.924857765,-9.573203213
-6.935162784,-9.647555138
-6.947040662,-9.725030255
-6.960520041,-9.799330135
-6.975579394,-9.877580942
-6.992153451,-9.951055937
-7.010129517,-10.03003368
-7.029406477,-10.10580065
-7.049849072,-10.18469054
-7.071328806,-10.25942484
-7.093732358,-10.32908406
-7.116954278,-10.40360055
-7.140886345,-10.46818446
-7.165449954,-10.56045227
-7.190546766,-10.62475946
-7.216112282,-10.70545558
-7.242071841,-10.77244476
-7.268341967,-10.82655118
-7.294870533,-10.88568953
-7.321615917,-10.92897291
-7.348543368,-10.98262851
-7.375630431,-11.02141243
-7.402888489,-11.05127974
-7.430325396,-11.03876669
-7.457959377,-11.04083099
-7.485833941,-11.1136683
-7.513975907,-11.12406747
-7.542434235,-11.12824894
-7.571254537,-11.18593186
-7.600465139,-11.12013959
-7.630147587,-11.2059169
-7.660318624,-11.1909365
-7.691093047,-11.22478907
-7.722473354,-11.15573926
-7.754588112,-11.29284479
-7.78749535,-11.2131541
-7.82126997,-11.21770942
-7.855997395,-11.20009777
-7.891764801,-11.25326377
-7.927569569,-11.2854731
-7.965259293,-11.17585473
-8.004937573,-11.20172262
-8.046200945,-11.27746173
-8.088820189,-11.18044513
-8.132676351,-11.11287368
-8.177909252,-11.18299638
-8.224733611,-11.20979461
-8.273314038,-11.19932265
-8.323670479,-2.551269072
-8.375757552,-2.889914893
-8.429371666,-2.833276144
-8.484352424,-2.898374444
-8.540471433,-3.051993668
-8.597349051,-3.239806676
-8.654481184,-3.355891862
-8.710984914,-3.378656179
-8.765971027,-3.39506695
-8.817869847,-3.439323457
-8.86495701,-3.508941126
-8.905753282,-3.599872755
-8.939452963,-3.706824873
-8.965880167,-3.825421484
-8.984862727,-3.951429636
-8.997909142,-4.079611806
-9.007352261,-4.202794249
-9.013795406,-4.312631418
-9.01905928,-4.403411304
-9.024116284,-4.475248222
-9.029460379,-4.537685039
-9.035388805,-4.596246459
-9.042121422,-4.656592826
-9.050148766,-4.722139915
-9.058775062,-4.794099661
-9.068143366,-4.872607914
-9.079085641,-4.957094415
-9.090933477,-5.046363471
-9.103846433,-5.14009312
-9.117974793,-5.236497001
-9.132938295,-5.334092621
-9.148358309,-5.431103519
-9.165142723,-5.527326033
-9.182816715,-5.622145993
-9.200824011,-5.715269592
-9.219135483,-5.806452777
-9.238801924,-5.895385979
-9.259507354,-5.981690325
-9.280293059,-6.064989203
-9.30194349,-6.145070198
-9.323790866,-6.222176212
-9.346434752,-6.297759478
-9.369760306,-6.371325833
-9.394420116,-6.443877398
-9.419244594,-6.516644649
-9.44411793,-6.591069167
-9.469777271,-6.665823674
-9.496339371,-6.741265927
-0.8199125523,-6.817478146
-1.048103108,-6.894362103
-0.9772758898,-6.971645033
-1.00918591,-7.048982614
-1.014682634,-7.126030947
-1.017993639,-7.202553001
-1.065891803,-7.278334544
-1.158436134,-7.353463693
-1.253660044,-7.428805579
-1.289796392,-7.504408076
-1.281821087,-7.580255467
-1.281431621,-7.656604525
-1.305343998,-7.733778776
-1.347319507,-7.811898265
-1.395468448,-7.891102021
-1.439171128,-7.971698636
-1.474838611,-8.052770072
-1.504593116,-8.134181627
-1.5323624,-8.215753077
-1.56104314,-8.296898531
-1.593009454,-8.377838596
-1.629055531,-8.457541068
-1.669090053,-8.536922302
-1.711316632,-8.615796495
-1.756195171,-8.694431138
-1.800722006,-8.77212812
-1.846050945,-8.849623768
-1.889234262,-8.928368106
-1.930931543,-9.006564313
-1.969891604,-9.08395354
-2.005915537,-9.162293313
-2.039115879,-9.239722059
-2.070101862,-9.316879727
-2.100531977,-9.392934342
-2.129717606,-9.46965733
-2.159122526,-9.546529803
-2.188217279,-9.622080726
-2.218794373,-9.697105349
-2.250439893,-9.772721396
-2.283347686,-9.846881368
-2.317773125,-9.924750112
-2.353898985,-9.999798607
-2.391500725,-10.0763897
-2.430543723,-10.14749125
-2.469856286,-10.22231671
-2.508271413,-10.29360857
-2.544724463,-10.36623218
-2.578469369,-10.44547315
-2.610829721,-10.51736505
-2.64243511,-10.60355196
-2.674010182,-10.66342885
-2.705811838,-10.73196637
-2.737802393,-10.80923711
-2.769334534,-10.85343197
-2.799574173,-10.87677765
-2.827653938,-10.96876237
-2.853115799,-10.98894315
-2.876114822,-11.03620547
-2.897231103,-11.0476172
-2.917243334,-11.07717494
-2.936934466,-11.13055091
-2.95695719,-11.09603399
-2.977698159,-11.15844515
-2.999264246,-11.18607048
-3.02148618,-11.148524
-3.044017599,-11.17422373
-3.066476953,-11.12337814
-3.088584018,-11.15032188
-3.110233173,-11.21208438
-3.131475382,-11.2467057
-3.152449351,-11.26670092
-3.173317097,-11.14326362
-3.193680348,-11.25332843
-3.214896116,-11.13683158
-3.236784575,-11.21815915
-3.258991522,-11.20172756
-3.282471637,-11.2611178
-3.306604658,-11.2766601
-3.331612644,-11.23242657
-3.358100204,-11.30110959
-3.386645002,-11.25053256
-3.417594993,-11.23420911
-3.450987391,-11.29077803
-3.486572244,-11.29475734
-3.523944815,-2.9775251
-3.562713617,-3.320578056
-3.602615959,-3.264509918
-3.642502797,-3.327197182
-3.684329915,-3.477977187
-3.728106094,-3.664830821
-3.773392279,-3.784144206
-3.820003778,-3.806951178
-3.867855268,-3.821343602
-3.916772715,-3.864379635
-3.966386592,-3.933677274
-4.016155744,-4.024967408
-4.065509818,-4.132542289
-4.11403016,-4.251614464
-4.161541013,-4.377673178
-4.207892411,-4.505481357
-4.254496406,-4.628221148
-4.301465591,-4.738077767
-4.348736938,-4.829542456
-4.396086853,-4.903278164
-4.444143193,-4.965648
-4.491145774,-5.024372006
-4.535998111,-5.08458753
-4.578351861,-5.149760799
-4.617960543,-5.221198143
-4.654672523,-5.299043699
-4.689043784,-5.382728645
-4.722332492,-5.471100403
-4.754968846,-5.563822949
-4.788542145,-5.659191908
-4.822914424,-5.755825326
-4.857354126,-5.852047998
-4.890394822,-5.947724425
-4.922194374,-6.042266812
-4.951467693,-6.135367693
-4.977809351,-6.226735158
-5.001890997,-6.315992677
-5.024476464,-6.402688654
-5.046151114,-6.486372281
-5.066994713,-6.566784874
-5.086592496,-6.644136114
-5.104300956,-6.719856621
-5.119545409,-6.793488281
-5.132070422,-6.86605614
-5.142043575,-6.938812384
-5.150003249,-7.013197643
-5.156710457,-7.087929951
-5.162977304,-7.163358314
-5.169525039,-7.239571676
-5.176902494,-7.316453927
-5.185468559,-7.393744957
-5.195418863,-7.471058182
-5.206835366,-7.548086372
-5.21974012,-7.624573403
-5.234140475,-7.700338586
-5.250056482,-7.775406019
-5.267529669,-7.850662262
-5.286617168,-7.926143962
-5.307376452,-8.001917673
-5.329847928,-8.078254149
-5.354039938,-8.1553137
-5.37992105,-8.233459505
-5.407419646,-8.312484795
-5.436430565,-8.393049465
-5.465261988,-8.473941133
-5.496573681,-8.55525906
-5.529999687,-8.636834994
-5.564711672,-8.717891545
-5.600226182,-8.798763297
-5.636441713,-8.878511863
-5.673446245,-8.957833715
-5.711334516,-9.036413856
-5.750112109,-9.115306234
-5.789684634,-9.192802146
-5.829899187,-9.27012802
-5.870590897,-9.348872605
-5.911607816,-9.426801952
-5.95281602,-9.505041646
-5.994093379,-9.582690607
-6.035326335,-9.6617652
-6.076407184,-9.73752716
-6.118517334,-9.813721505
-6.1600564,-9.890024378
-6.201327969,-9.962697289
-6.242613415,-10.04037675
-6.284000896,-10.11468998
-6.325473558,-10.1891906
-6.366993588,-10.26868277
-6.408529684,-10.33880513
-6.449135698,-10.41849124
-6.490288482,-10.48713971
-6.532235585,-10.5545
-6.575001216,-10.62766237
-6.618479494,-10.6789327
-6.662597121,-10.76562317
-6.707425477,-10.82126215
-6.75308865,-10.87406043
-6.799605729,-10.92489381
-6.846814035,-10.98822245
-6.894374398,-10.97700859
-6.941814138,-11.06815358
-6.988549974,-11.07310563
-7.033901951,-11.09450209
-7.077060953,-11.12939233
-7.117051096,-11.10437988
-7.151835865,-11.18591328
-7.181495768,-11.12729917
-7.20496247,-11.09479389
-7.222243391,-11.15772597
-7.23409388,-11.16226347
-7.241645612,-11.2013735
-7.246192549,-11.11046607
-7.248975497,-11.10378017
-7.251022797,-11.13429996
-7.253098115,-11.20901384
-7.255783954,-11.19931424
-7.259486699,-11.22990736
-7.264482314,-11.18889891
-7.270949888,-11.23414964
-7.278992466,-11.14460884
-7.288681573,-11.21993312
-7.300006957,-11.2038962
-7.312953725,-11.21318098
-7.327499383,-11.17258837
-7.343586994,-11.16281641
-7.36114499,-3.401562326
-7.380127007,-3.752663306
-7.400440204,-3.697796972
-7.42202221,-3.755604785
-7.4447773,-3.900525464
-7.468615598,-4.08609451
-7.493470439,-4.209934784
-7.519261071,-4.232829337
-7.545894929,-4.244005989
-7.573302273,-4.283983739
-7.599847984,-4.353949304
-7.629674644,-4.446925153
-7.658265449,-4.55624225
-7.689275966,-4.676254848
-7.718770006,-4.801998286
-7.750533072,-4.92843157
-7.78072759,-5.049633964
-7.813210879,-5.15898106
-7.845606436,-5.251501728
-7.877897796,-5.327174327
-7.910355569,-5.391166526
-7.943169695,-5.450768001
-7.976416977,-5.510889328
-8.010058438,-5.575334609
-8.04405757,-5.645669829
-8.078410956,-5.722236402
-8.113275254,-5.804588185
-8.148550279,-5.891578791
-8.182877968,-5.982994283
-8.219880835,-6.077151265
-8.25636246,-6.172695895
-8.293607633,-6.268018303
-8.332007189,-6.363015056
-8.371526603,-6.457123994
-8.412166884,-6.550040251
-8.453818808,-6.641464339
-8.496475667,-6.730986488
-8.540308672,-6.818090695
-8.585411894,-6.902263973
-8.631946893,-6.983196538
-8.679835755,-7.061038406
-8.729029041,-7.136473913
-8.779613456,-7.210846913
-8.831322089,-7.283728627
-8.884294766,-7.357335448
-8.938110034,-7.431132236
-8.992477381,-7.505620574
-9.046964731,-7.581001371
-9.100784149,-7.657246775
-9.152397898,-7.734166195
-9.200326237,-7.811326403
-9.243388099,-7.888469912
-9.278778819,-7.965321552
-9.306969446,-8.041621544
-9.327766795,-8.117254991
-9.342296475,-8.192126828
-9.352588979,-8.267301196
-9.358236028,-8.342686342
-9.362571068,-8.418367216
-9.365743752,-8.494510285
-9.369391837,-8.571473662
-9.373859353,-8.649465245
-9.378200881,-8.728522354
-9.385347078,-8.808572088
-9.392265711,-8.8895085
-9.400814803,-8.970547315
-9.410498275,-9.051748578
-9.421236499,-9.132650049
-9.434088136,-9.213151233
-9.447595361,-9.29335248
-9.462123632,-9.372539102
-9.47907979,-9.450983759
-9.495456594,-9.529740075
-9.513139487,-9.606663706
-9.532482113,-9.684240829
-9.552638563,-9.761271935
-9.572805373,-9.8415532
-1.436571906,-9.91881877
-1.665069466,-9.99744105
-1.59432351,-10.07576749
-1.626336002,-10.14705045
-1.631904582,-10.22991036
-1.635332395,-10.29562113
-1.683450546,-10.37856822
-1.776320144,-10.44971235
-1.871830857,-10.51904873
-1.90793803,-10.59598939
-1.899861885,-10.66648606
-1.89954236,-10.72642441
-1.923671609,-10.79154226
-1.965922521,-10.84443851
-2.014307912,-10.92582731
-2.058125213,-10.93593358
-2.093735971,-10.95420457
-2.12331824,-11.05400781
-2.15089291,-11.05784895
-2.179415135,-11.061563
-2.211277968,-11.13355181
-2.247277399,-11.06162531
-2.287314442,-11.14960826
-2.329558976,-11.09648709
-2.374473228,-11.20269661
-2.419007361,-11.25072822
-2.464279885,-11.24576792
-2.507314324,-11.20195563
-2.548815085,-11.18910767
-2.587515436,-11.24761899
-2.623256009,-11.20918907
-2.656191424,-11.24813573
-2.686964611,-11.15219036
-2.717264502,-11.14361705
-2.746361555,-11.18273482
-2.775715004,-11.24648242
-2.804781274,-11.24207527
-2.835377468,-11.30098041
-2.867083606,-11.26067847
-2.900082093,-11.18378673
-2.934610278,-11.23828875
-2.970839256,-11.24456444
-3.008553981,-11.23229331
-3.047683001,-11.11665022
-3.08703698,-11.20128864
-3.125443402,-3.821698035
-3.161843402,-4.182208527
-3.195469782,-4.126182358
-3.227880684,-4.178291268
-3.259590545,-4.317491439
-3.291316128,-4.501259574
-3.323261982,-4.629806374
-3.355392306,-4.654180444
-3.387063779,-4.663550395
-3.417424274,-4.702358018
-3.445585794,-4.772308919
-3.471084369,-4.86601618
-3.494093219,-4.976145625
-3.515220922,-5.096353489
-3.535266513,-5.221180902
-3.555018737,-5.345608913
-3.575116959,-5.464447585
-3.595951341,-5.572271845
-3.617611451,-5.664939058
-3.639915028,-5.742111487
-3.662504509,-5.807700461
-3.684982141,-5.868731255
-3.707059981,-5.929257236
-3.7286359,-5.99339712
-3.749774505,-6.062923609
-3.770624489,-6.138397779
-3.791358007,-6.219532219
-3.811568311,-6.305178164
-3.832620852,-6.3953113
-3.854343108,-6.488258879
-3.876346824,-6.582667564
-3.899781449,-6.676948654
-3.923888859,-6.771019688
-3.948854829,-6.864329773
-3.975289032,-6.956596957
-4.003794971,-7.047546066
-4.034735756,-7.136776678
-4.068142155,-7.223804877
-4.103746141,-7.308130572
-4.141127969,-7.389423613
-4.179891977,-7.467782819
-4.219780516,-7.54381266
-4.260715955,-7.618533443
-4.3020557,-7.692470111
-4.345328904,-7.765858234
-4.390446178,-7.839585795
-4.437087071,-7.914023958
-4.484944092,-7.989350304
-4.533669955,-8.065355262
-4.582873245,-8.141914248
-4.632136278,-8.21867246
-4.68104256,-8.295407227
-4.72923288,-8.37194628
-4.77646355,-8.44787196
-4.822450094,-8.523534446
-4.868582874,-8.598439468
-4.914961594,-8.673472013
-4.961594241,-8.748609672
-5.008333336,-8.824537774
-5.055821441,-8.900781633
-5.102354422,-8.977662835
-5.146828239,-9.055238478
-5.188828335,-9.133942997
-5.228071477,-9.213715668
-5.264456625,-9.293219304
-5.298606122,-9.374248568
-5.331802906,-9.455582766
-5.36449129,-9.535454982
-5.398206497,-9.616650526
-5.432796883,-9.694693174
-5.467545135,-9.774854428
-5.501178158,-9.854267942
-5.533424066,-9.929397858
-5.563259175,-10.00926955
-5.590245567,-10.08582033
-5.615022196,-10.16456158
-5.638309991,-10.24467613
-5.660654176,-10.32408144
-5.682135214,-10.3920842
-5.702330665,-10.45875076
-5.720583153,-10.5267546
-5.736296084,-10.60478074
-5.749194458,-10.68206614
-5.759438046,-10.75078416
-5.767573625,-10.81198727
-5.774382645,-10.87908317
-5.780701478,-10.91294087
-5.787272589,-10.96603077
-5.794661189,-11.04005208
-5.803237214,-10.98250154
-5.813202209,-11.05818702
-5.824641835,-11.10637019
-5.837579993,-11.13030121
-5.85202428,-11.19388709
-5.86799441,-11.147153
-5.885532285,-11.15311542
-5.904694206,-11.21208425
-5.925536059,-11.24429624
-5.948096973,-11.19567291
-5.972382136,-11.23444045
-5.998356267,-11.21784918
-6.025943821,-11.19241336
-6.055034808,-11.12361217
-6.083879074,-11.22670121
-6.115202653,-11.19665476
-6.148650545,-11.18964712
-6.183377998,-11.16429183
-6.218882804,-11.18679965
-6.255054607,-11.09594629
-6.291982542,-11.23039101
-6.329763545,-11.15091416
-6.368406973,-11.16404507
-6.407814885,-11.21253886
-6.447831194,-11.09534279
-6.488288608,-11.14719333
-6.529032658,-11.21511477
-6.569925483,-11.2553976
-6.610845247,-11.24533782
-6.651674346,-4.236647999
-6.692296442,-4.60821998
-6.73405635,-4.547886606
-6.775266558,-4.596379868
-6.816188756,-4.731943097
-6.857096995,-4.912953342
-6.8980875,-5.044184261
-6.939181824,-5.073889579
-6.980351775,-5.085118343
-7.021565445,-5.123834242
-7.061860346,-5.192847296
-7.103748302,-5.284984196
-7.145241579,-5.392891907
-7.18745464,-5.510191921
-7.230520456,-5.631476513
-7.274486045,-5.751972189
-7.319359367,-5.867062557
-7.365116234,-5.972241418
-7.411648165,-6.064218685
-7.45882502,-6.142729688
-7.506381016,-6.211042652
-7.553949476,-6.274251345
-7.60098356,-6.337185828
-7.64678371,-6.402542625
-7.690488554,-6.47236701
-7.731056791,-6.54727397
-7.766377594,-6.627220874
-7.796541701,-6.711120796
-7.820423759,-6.799312099
-7.838032231,-6.890245973
-7.850105084,-6.982551286
-7.8578275,-7.074720442
-7.862493226,-7.166732684
-7.865355411,-7.258111138
-7.867486962,-7.348650485
-7.869651839,-7.438183449
-7.872434861,-7.526423452
-7.876250306,-7.612946264
-7.881320146,-7.697300348
-7.887909244,-7.779108858
-7.896078611,-7.858337802
-7.90584743,-7.935387502
-7.917272864,-8.011309984
-7.930292425,-8.085359374
-7.94494879,-8.159290775
-7.961104192,-8.233420212
-7.978738957,-8.307952034
-7.99776974,-8.383099235
-8.018181204,-8.458890899
-8.039773799,-8.534993831
-8.062578816,-8.611368743
-8.086442668,-8.687527594
-8.111314011,-8.763513283
-8.137075248,-8.839532261
-8.163725104,-8.915154661
-8.191109288,-8.989729369
-8.219173324,-9.064860768
-8.24630335,-9.140245192
-8.276637371,-9.215811131
-8.305586442,-9.291590723
-8.337045719,-9.369063217
-8.366718972,-9.445850257
-8.398833117,-9.524034708
-8.430796759,-9.602109912
-8.462577077,-9.681375672
-8.494451886,-9.76089437
-8.526787238,-9.84235503
-8.559568771,-9.920812112
-8.592702741,-10.00282427
-8.626146532,-10.08241441
-8.660255148,-10.16075386
-8.694506958,-10.23474319
-8.729054077,-10.30697798
-8.764245535,-10.39011616
-8.799959005,-10.46680675
-8.83472273,-10.53261236
-8.872668913,-10.61345691
-8.909817012,-10.67727642
-8.948137074,-10.7385201
-8.987479896,-10.834502
-9.027962315,-10.8531041
-9.06979958,-10.92458064
-9.11280489,-10.95246412
-9.156618254,-10.97522082
-9.201823228,-11.01508555
-9.248096217,-11.04419686
-9.296503301,-11.03839051
-9.345753842,-11.11473995
-9.39653205,-11.13390294
-9.448288703,-11.14611483
-9.501796637,-11.11607361
-2.058020404,-11.13793766
-2.286046785,-11.11416802
-2.215706478,-11.20792927
-2.247966862,-11.25975233
-2.253453398,-11.16369304
-2.256701176,-11.19301048
-2.304780982,-11.15113325
-2.397825671,-11.20066114
-2.493609873,-11.20929297
-2.529691567,-11.18936917
-2.52137757,-11.17955826
-2.520920735,-11.26470813
-2.545041944,-11.22025153
-2.587372106,-11.24337311
-2.635872527,-11.1152184
-2.679798333,-11.20124274
-2.715458939,-11.174289
-2.745032574,-11.17593121
-2.772573902,-4.642677124
-2.801066269,-5.020620549
-2.832907346,-4.962283727
-2.868888318,-5.010475406
-2.908911549,-5.143656458
-2.951140638,-5.320130428
-2.996036601,-5.451440664
-3.040550849,-5.48839279
-3.085780487,-5.504068326
-3.128769059,-5.543400461
-3.170208443,-5.610712292
-3.208871559,-5.699586401
-3.24460213,-5.803163549
-3.277546143,-5.915543959
-3.308330228,-6.031777798
-3.338629084,-6.147508387
-3.367713996,-6.258559233
-3.397040589,-6.36101725
-3.426062945,-6.452203963
-3.456595078,-6.531982072
-3.488223401,-6.602996283
-3.521139353,-6.669383577
-3.555590996,-6.73499114
-3.591752151,-6.80258042
-3.629393854,-6.873666621
-3.668480204,-6.948798656
-3.707816583,-7.027945247
-3.746237547,-7.1106964
-3.782683685,-7.196430803
-3.816403733,-7.284419105
-3.848800541,-7.373878874
-3.880467662,-7.463393084
-3.912125146,-7.553240199
-3.943997861,-7.642853571
-3.976048022,-7.731830504
-4.007635003,-7.819934542
-4.037923334,-7.906845629
-4.066043372,-7.992350042
-4.091543489,-8.076200957
-4.114602378,-8.157983098
-4.135802098,-8.237766657
-4.155908905,-8.315705221
-4.175697374,-8.392676801
-4.195811448,-8.466626988
-4.216656619,-8.542116771
-4.238338925,-8.617031637
-4.260682796,-8.691667453
-4.283329067,-8.766899515
-4.305881825,-8.842552702
-4.328051742,-8.91842332
-4.349732118,-8.994697854
-4.370979027,-9.071198456
-4.391939153,-9.147055152
-4.412782386,-9.22342675
-4.433121942,-9.299578099
-4.454297223,-9.373903612
-4.476134696,-9.448361446
-4.498262376,-9.523920816
-4.521754265,-9.598171303
-4.545919694,-9.674069894
-4.570953263,-9.751185424
-4.597459623,-9.827019448
-4.62603405,-9.904700188
-4.657037226,-9.981266841
-4.690503845,-10.06307699
-4.72617104,-10.13762164
-4.763620833,-10.21920692
-4.802455128,-10.28770696
-4.842411962,-10.36650943
-4.883410305,-10.44501151
-4.924808539,-10.53422272
-4.968139925,-10.5918579
-5.01332367,-10.67472086
-5.060043797,-10.75081693
-5.107991643,-10.8042699
-5.156815226,-10.8503717
-5.206118777,-10.91810151
-5.25548122,-10.94987063
-5.304483078,-10.99735695
-5.352762302,-11.07187482
-5.400072463,-11.075704
-5.446106085,-11.11096868
-5.492324076,-11.12811264
-5.538842148,-11.18071685
-5.585640464,-11.21243004
-5.63254172,-11.21605632
-5.680195212,-11.0721994
-5.726857862,-11.13128555
-5.771447166,-11.20081794
-5.813543499,-11.07464111
-5.852828434,-11.21038983
-5.88918579,-11.20947461
-5.923259951,-11.21360913
-5.956370424,-11.12890242
-5.98895973,-11.1358679
-6.02258573,-11.19633183
-6.05707112,-11.2098451
-6.091667319,-11.14872385
-6.125000443,-11.17205399
-6.1570055,-11.13727951
-6.186535286,-11.18160814
-6.213170218,-11.14925975
-6.237572347,-11.16759577
-6.260485634,-11.1999752
-6.282498404,-5.043591861
-6.303687131,-5.420708917
-6.323635014,-5.365745741
-6.341689042,-5.41697113
-6.357262345,-5.551954168
-6.370086174,-5.726809162
-6.380322986,-5.854592705
-6.388511657,-5.892860511
-6.395420177,-5.911582749
-6.401871517,-5.95257594
-6.408593399,-6.020143301
-6.416141669,-6.108301763
-6.424877739,-6.210579148
-6.434999138,-6.32138236
-6.446587216,-6.435950813
-6.459662794,-6.550004323
-6.474232924,-6.659394305
-6.490318687,-6.760323654
-6.507960813,-6.850361335
-6.527217946,-6.92959324
-6.548151158,-7.000680493
-6.570799954,-7.06756787
-6.595172225,-7.133913218
-6.62123536,-7.202295233
-6.648914245,-7.273969725
-6.678099999,-7.34946208
-6.707073086,-7.42868297
-6.738520062,-7.511267348
-6.772082865,-7.596580246
-6.806921944,-7.683874017
-6.842541401,-7.77163006
-6.878839428,-7.860128455
-6.91590617,-7.948641801
-6.953839622,-8.036724495
-6.992647795,-8.12418359
-7.032234393,-8.210811532
-7.072441551,-8.296440378
-7.113101379,-8.380960398
-7.154058581,-8.463856697
-7.195179853,-8.545238271
-7.2363395,-8.624876037
-7.277421366,-8.702910733
-7.318303362,-8.777724409
-7.360282615,-8.853199715
-7.401704966,-8.929563462
-7.442850853,-9.004851482
-7.483990564,-9.080572602
-7.525218875,-9.154636519
-7.566538612,-9.231145308
-7.607928097,-9.307056953
-7.64935173,-9.382872273
-7.689851769,-9.459415253
-7.730906022,-9.536636447
-7.772797762,-9.612321207
-7.815546137,-9.689284027
-7.859045787,-9.765336266
-7.903202865,-9.837650263
-7.948098396,-9.917154658
-7.99384082,-9.985687429
-8.040488982,-10.06183786
-8.08781784,-10.14218078
-8.135506226,-10.21743017
-8.183034832,-10.28792327
-8.229806819,-10.36977473
-8.275190461,-10.43309316
-8.318220549,-10.5175441
-8.358037138,-10.5950532
-8.392577294,-10.66815041
-8.421913924,-10.74594758
-8.444855068,-10.79919319
-8.461748606,-10.85821804
-8.473275192,-10.92527682
-8.480518349,-10.97842911
-8.484964538,-11.00443331
-8.487703304,-11.00819237
-8.489725878,-11.11521302
-8.491758847,-11.05683434
-8.494711035,-11.08064637
-8.498589982,-11.14231378
-8.503849299,-11.0688663
-8.51044246,-11.19761146
-8.518719179,-11.1608957
-8.528724695,-11.12275809
-8.540268131,-11.16281171
-8.553420358,-11.16161565
-8.568211188,-11.13060886
-8.584470727,-11.17730924
-8.602324033,-11.19096315
-8.621508892,-11.30637485
-8.641953991,-11.19547796
-8.663683046,-11.1662888
-8.686647474,-11.23231475
-8.710761311,-11.2109523
-8.735764528,-11.21399242
-8.761619173,-11.20613722
-8.788183596,-11.21862054
-8.815641751,-11.19536204
-8.84397525,-11.20133844
-8.871251962,-11.2927252
-8.901755364,-11.22865154
-8.930765476,-11.22856016
-8.962329171,-5.429262154
-8.992073969,-5.792170804
-9.024372445,-5.757134653
-9.056299545,-5.813146895
-9.088312604,-5.947162031
-9.120301026,-6.117756989
-9.152516152,-6.245409865
-9.185730776,-6.289689241
-9.218932418,-6.314174529
-9.252456845,-6.357758217
-9.286253226,-6.425046857
-9.32100442,-6.511706817
-9.355565606,-6.610958418
-9.390926974,-6.718245299
-9.42542282,-6.82884662
-9.461962963,-6.938999399
-9.498650137,-7.044437385
-2.680934936,-7.142018132
-2.906433978,-7.230041409
-2.838473441,-7.308952054
-2.872399354,-7.381737355
-2.877555394,-7.450305759
-2.879052434,-7.518109026
-2.926203436,-7.588004019
-3.019921449,-7.660546352
-3.117720567,-7.736144798
-3.154689819,-7.814653081
-3.145355242,-7.895732746
-3.143789326,-7.978068227
-3.167283759,-8.06223353
-3.209458916,-8.147413008
-3.25809147,-8.23295523
-3.302234084,-8.318481199
-3.338021738,-8.40382417
-3.367147639,-8.488941184
-3.394261975,-8.573569697
-3.422510456,-8.657767791
-3.454193566,-8.74088778
-3.490035506,-8.822990237
-3.52991721,-8.903641932
-3.573196971,-8.983454214
-3.616638168,-9.061862292
-3.660877314,-9.137776539
-3.706344231,-9.213499883
-3.749759601,-9.290556722
-3.791137983,-9.366157801
-3.829542845,-9.441593138
-3.865036488,-9.516173472
-3.898066246,-9.593333613
-3.92927265,-9.668754948
-3.960090507,-9.744254057
-3.989401917,-9.819700527
-4.017589889,-9.897330723
-4.046885781,-9.974573542
-4.076956798,-10.04712656
-4.108076127,-10.11913668
-4.140565794,-10.19882759
-4.174825622,-10.27055998
-4.21108678,-10.35357316
-4.248873509,-10.42246952
-4.288148732,-10.49932399
-4.327439758,-10.55485556
-4.365595281,-10.64849588
-4.401721278,-10.69791307
-4.435266261,-10.74338095
-4.467483649,-10.80191369
-4.499053415,-10.88725577
-4.53061545,-10.95977086
-4.562356826,-10.95111717
-4.594221069,-11.02203108
-4.625616471,-11.02352543
-4.655745045,-11.10368098
-4.683777966,-11.14232788
-4.70928123,-11.13992879
-4.732409873,-11.08706621
-4.753719997,-11.19805559
-4.773956424,-11.11789963
-4.79387604,-11.15112625
-4.814114519,-11.15584068
-4.835076475,-11.24021565
-4.856870995,-11.19972927
-4.879325708,-11.26395659
-4.902082715,-11.18921007
-4.924745131,-11.13823838
-4.947022046,-11.11729598
-4.968806621,-11.23604979
-4.990156407,-11.16840563
-5.011219015,-11.22265134
-5.032162986,-11.19704111
-5.052601128,-11.12347378
-5.073865568,-11.13131825
-5.095774626,-11.11301025
-5.117955653,-11.16326897
-5.141435115,-11.16573651
-5.165563919,-11.27136505
-5.190541948,-11.15570071
-5.2169756,-11.28045228
-5.245462951,-11.28083283
-5.276369917,-11.19980168
-5.309737416,-11.15330839
-5.345306346,-11.28040872
-5.382658224,-5.812110629
-5.421391048,-6.160920859
-5.461238385,-6.135950284
-5.502115029,-6.196939086
-5.543321442,-6.332417918
-5.586484367,-6.502132437
-5.631530501,-6.630832232
-5.678130769,-6.678335883
-5.725961065,-6.703825739
-5.774660413,-6.745921644
-5.823836228,-6.811225867
-5.87307594,-6.895959424
-5.921963471,-6.993914133
-5.970133841,-7.100783564
-6.017337436,-7.211849229
-6.063278034,-7.323021793
-6.109382803,-7.4295892
-6.15578775,-7.527955229
-6.202496624,-7.61628303
-6.249349693,-7.695074011
-6.297005417,-7.767655547
-6.343683262,-7.83594908
-6.388294417,-7.903680586
-6.430432601,-7.973383479
-6.469781762,-8.045995875
-6.50621684,-8.121786926
-6.540372814,-8.200517025
-6.573568969,-8.281069843
-6.60626436,-8.363996773
-6.640019823,-8.448374085
-6.674664437,-8.533448532
-6.7094417,-8.619035631
-6.742925338,-8.704465628
-6.775134028,-8.789839039
-6.804855827,-8.874950405
-6.831658779,-8.959356127
-6.856216593,-9.043299511
-6.879289342,-9.126433958
-6.901503745,-9.208578846
-6.922934787,-9.28882299
-6.943159269,-9.368059976
-6.961502156,-9.445892728
-6.977351206,-9.523474728
-6.990426314,-9.597081355
-7.000869156,-9.675053169
-7.009219143,-9.750494761
-7.01624502,-9.827324351
-7.022773944,-9.900243341
-7.029546625,-9.977850834
-7.037123037,-10.05192492
-7.045875797,-10.1260774
-7.05599859,-10.20398379
-7.067569325,-10.27576654
-7.080612849,-10.34989435
-7.095134048,-10.42848734
-7.111154397,-10.50561425
-7.128717496,-10.56814931
-7.147881413,-10.61682694
-7.168716338,-10.7145985
-7.191259473,-10.76809748
-7.215530324,-10.81223151
-7.241485445,-10.85842749
-7.269055756,-10.94327708
-7.298142095,-10.98884061
-7.328596493,-11.02553797
-7.359199692,-11.01226007
-7.391971057,-11.11878117
-7.426459454,-11.1151159
-7.461996406,-11.13395351
-7.498281388,-11.14985299
-7.53526694,-11.12777875
-7.573015789,-11.18736683
-7.611586567,-11.20713347
-7.650935287,-11.1848903
-7.690924851,-11.22289556
-7.731433426,-11.15417876
-7.772255283,-11.18854895
-7.813260742,-11.19393134
-7.854303108,-11.22992836
-7.895283005,-11.26920726
-7.936075142,-11.17749011
-7.977963362,-11.23966887
-8.019301025,-11.30740444
-8.060343662,-11.27808427
-8.101441567,-11.30140188
-8.142623253,-11.25214762
-8.1838718,-11.23223231
-8.225176765,-11.15919774
-8.266580111,-11.20321675
-8.307085636,-11.26400376
-8.3491448,-11.14951275
-8.390781866,-11.19273649
-8.433127525,-11.21105801
-8.476342576,-11.23613036
-8.520491958,-11.236261
-8.565585096,-11.18175016
-8.611459126,-11.2167193
-8.658116151,-11.17798812
-8.705376343,-11.12510896
-8.75301689,-11.12237849
-8.800535397,-11.16397444
-8.847468862,-6.178408512
-8.892851005,-6.519714156
-8.936154065,-6.507899689
-8.976204924,-6.567636682
-9.011468246,-6.695742664
-9.040909682,-6.860306497
-9.064043792,-6.994227058
-9.081061337,-7.050566843
-9.092899768,-7.077673035
-9.100513489,-7.117953259
-9.104914094,-7.180420024
-9.107724567,-7.262002636
-9.109590396,-7.357200082
-9.111793205,-7.460689414
-9.114336916,-7.567674315
-9.118761646,-7.673937891
-9.123747359,-7.776582824
-9.130817098,-7.872622659
-9.138110174,-7.960706268
-9.148724693,-8.040972592
-9.159658816,-8.115833479
-9.17246144,-8.186613269
-9.187585927,-8.256228257
-9.203808168,-8.326591291
-9.221379266,-8.399527482
-9.240465957,-8.474504178
-9.261135916,-8.551029924
-9.282674581,-8.630669853
-9.305069222,-8.711189828
-9.329287945,-8.793222397
-9.354419029,-8.876088736
-9.380189651,-8.959793373
-9.406786797,-9.043557776
-9.433940544,-9.126851487
-9.462196274,-9.211299012
-9.489537191,-9.294991692
-9.51926357,-9.379509427
-9.548932614,-9.462002947
-9.580766581,-9.543446406
-3.301630983,-9.62436683
-3.521429287,-9.705559269
-3.460927623,-9.783670647
-3.499873093,-9.86193723
-3.504820527,-9.935152385
-3.501558173,-10.01082461
-3.546341559,-10.09141555
-3.641535534,-10.16584404
-3.744815402,-10.23790611
-3.785405948,-10.31593693
-3.774021969,-10.39112476
-3.76919273,-10.4578461
-3.790094866,-10.53100515
-3.831171343,-10.6115098
-3.879618413,-10.67516015
-3.92425248,-10.73514146
-3.96018817,-10.78298926
-3.989066362,-10.86273882
-4.015585087,-10.92220332
-4.043463341,-10.94568112
-4.074243096,-10.99135622
-4.109168764,-11.07459632
-4.148298036,-11.0531876
-4.191182584,-11.07408097
-4.234900805,-11.1094099
-4.279358872,-11.18191297
-4.325290231,-11.06385931
-4.369061979,-11.13600795
-4.410408499,-11.13033733
-4.44912374,-11.14683766
-4.485435726,-11.19241971
-4.519642791,-11.19110499
-4.551982639,-11.2116297
-4.583574976,-11.21489382
-4.61313029,-11.13844125
-4.641170281,-11.23132534
-4.670162166,-11.24092891
-4.699918649,-11.18220525
-4.730770633,-11.25331764
-4.763047336,-11.25359885
-4.797143502,-11.29047548
-4.833284526,-11.21902208
-4.870677577,-11.20729977
-4.910052346,-11.18182805
-4.949417744,-11.23484891
-4.987543303,-11.15879417
-5.023561272,-11.1820885
-5.057067277,-11.30886732
-5.089017852,-11.13736457
-5.120376934,-11.2182538
-5.151774358,-11.32070558
-5.183390062,-11.17741033
-5.215130222,-11.19349358
-5.246444542,-11.25440859
-5.27656847,-11.24602961
-5.304717648,-11.14737529
-5.330464889,-11.17551095
-5.35392547,-11.18848761
-5.375593034,-11.1290031
-5.396154871,-11.19609669
-5.416336774,-11.24485673
-5.436772372,-11.28189252
-5.457882979,
-5.479799006,
-5.502363315,
-5.525223433,
-5.547978229,
-5.570328224,
-5.592159979,
-5.613527146,
-5.634573986,
-5.655465575,
-5.675798132,
-5.696918179,
-5.718637559,
-5.740575138,
-5.763787691,
-5.787616573,
-5.812262786,
-5.838345502,
-5.866477185,
-5.897033066,
-5.930057026,
-5.965289108,
-6.002309911,
-6.040720006,
-6.080258895,
-6.120848656,
-6.161709051,
-6.204622533,
-6.249495126,
-6.295961436,
-6.343672206,
-6.392262897,
-6.441360227,
-6.490573986,
-6.539498109,
-6.587761077,
-6.635113821,
-6.681308247,
-6.727642816,
-6.77427663,
-6.821259255,
-6.868462755,
-6.916551831,
-6.963640342,
-7.008594112,
-7.051046988,
-7.090743778,
-7.127549075,
-7.162055158,
-7.19555521,
-7.228517557,
-7.262521032,
-7.297411285,
-7.332417111,
-7.36600915,
-7.398359039,
-7.428158833,
-7.455011716,
-7.479622113,
-7.502805065,
-7.525196139,
-7.546874314,
-7.567362557,
-7.585964033,
-7.602044757,
-7.615299131,
-7.625853938,
-7.634274159,
-7.6412988,
-7.647774965,
-7.654468437,
-7.66192914,
-7.670519121,
-7.680439466,
-7.691779652,
-7.704557321,
-7.718778941,
-7.734505593,
-7.751727206,
-7.770574868,
-7.791080101,
-7.813291211,
-7.837263749,
-7.862885694,
-7.890149252,
-7.918946549,
-7.949124983,
-7.979369402,
-8.011848269,
-8.046077009,
-8.081390781,
-8.117462403,
-8.154263442,
-8.191894187,
-8.230314858,
-8.269606674,
-8.309505256,
-8.349908666,
-8.390768992,
-8.431722587,
-8.472801785,
-8.513885993,
-8.554762344,
-8.596683758,
-8.638156037,
-8.679308581,
-8.720385915,
-8.761747435,
-8.80320112,
-8.844509078,
-8.886106528,
-8.926685929,
-8.968922329,
-9.01058397,
-9.052949521,
-9.096262863,
-9.140595351,
-9.185618571,
-9.231224105,
-9.277716062,
-9.324832377,
-9.372657874,
-9.420557704,
-9.467194609,
-9.512773719,
-9.556538016,
-9.597353545,
-3.922409494,
-4.144309928,
-4.087784624,
-4.127556432,
-4.132792009,
-4.128800395,
-4.173153608,
-4.26848237,
-4.372126057,
-4.413738714,
-4.402909172,
-4.397743555,
-4.417956379,
-4.458185695,
-4.505550097,
-4.54918749,
-4.584588025,
-4.6133504,
-4.639742724,
-4.667352868,
-4.697774764,
-4.732274437,
-4.770929316,
-4.813321713,
-4.856931522,
-4.902580665,
-4.948060745,
-4.992246859,
-5.033532415,
-5.074117568,
-5.112384661,
-5.148040452,
-5.181030361,
-5.212762263,
-5.242392672,
-5.271678882,
-5.300368556,
-5.330444302,
-5.361484118,
-5.393693835,
-5.427432648,
-5.463017045,
-5.499599488,
-5.538960434,
-5.578656585,
-5.617280496,
-5.653749277,
-5.687573373,
-5.719474792,
-5.750629653,
-5.781742921,
-5.813114116,
-5.844654162,
-5.875831195,
-5.905899811,
-5.934101993,
-5.959961233,
-5.983512418,
-6.005186727,
-6.025647377,
-6.045626947,
-6.065782691,
-6.086565936,
-6.108139626,
-6.130374814,
-6.15294027,
-6.175442666,
-6.197575738,
-6.219207403,
-6.24037301,
-6.261201557,
-6.281848557,
-6.301833451,
-6.322638037,
-6.344064527,
-6.365720608,
-6.38866103,
-6.41217528,
-6.436484085,
-6.462217778,
-6.489984786,
-6.520154781,
-6.552775523,
-6.587602344,
-6.624239678,
-6.662309196,
-6.70156375,
-6.74192404,
-6.782580864,
-6.825340359,
-6.870073633,
-6.916396105,
-6.963971111,
-7.012472777,
-7.061561014,
-7.110867161,
-7.159984676,
-7.208537148,
-7.256265059,
-7.303007098,
-7.34974749,
-7.396644375,
-7.443853969,
-7.491368323,
-7.538933281,
-7.586627015,
-7.632531325,
-7.675814675,
-7.716111363,
-7.753579154,
-7.788914914,
-7.823183562,
-7.857454848,
-7.891117461,
-7.925563204,
-7.960260785,
-7.994275538,
-8.026558416,
-8.056533803,
-8.083707311,
-8.108644032,
-8.13192306,
-8.154179259,
-8.175514111,
-8.195663924,
-8.21396674,
-8.229865099,
-8.242890996,
-8.253322068,
-8.261529638,
-8.26830314,
-8.274435369,
-8.28083068,
-8.287917091,
-8.296132689,
-8.305686574,
-8.316635949,
-8.328979309,
-8.34281409,
-8.358094196,
-8.374923163,
-8.39335609,
-8.413493736,
-8.435312644,
-8.458804336,
-8.484121878,
-8.510953105,
-8.539347525,
-8.569138488,
-8.598879519,
-8.630927218,
-8.664866219,
-8.699893425,
-8.73562042,
-8.772346355,
-8.809604344,
-8.847831396,
-8.886983625,
-8.926548615,
-8.966562193,
-9.007392443,
-9.048351356,
-9.089020832,
-9.130383278,
-9.171325725,
-9.211679997,
-9.254051925,
-9.29502962,
-9.337017283,
-9.378016006,
-4.545520577,
-4.780677694,
-4.724934421,
-4.757591499,
-4.762196856,
-4.764827159,
-4.811810835,
-4.902767912,
-4.996354169,
-5.03619593,
-5.032053226,
-5.03217074,
-5.054045738,
-5.092964733,
-5.13708814,
-5.177568946,
-5.210754928,
-5.23865147,
-5.264902214,
-5.292583252,
-5.323107523,
-5.357624586,
-5.396150982,
-5.438257707,
-5.481753491,
-5.527371344,
-5.573107808,
-5.618132474,
-5.66108238,
-5.702944469,
-5.742726095,
-5.780029167,
-5.814647166,
-5.847798034,
-5.878413729,
-5.908306811,
-5.937408381,
-5.967829416,
-5.999204222,
-6.031727688,
-6.065724453,
-6.101496344,
-6.138040806,
-6.177674862,
-6.217622323,
-6.25649332,
-6.293269401,
-6.327563266,
-6.359316352,
-6.390918121,
-6.422553024,
-6.454304187,
-6.485768346,
-6.516444678,
-6.545899282,
-6.573690152,
-6.599430695,
-6.623000103,
-6.644612654,
-6.664804001,
-6.684309696,
-6.703854922,
-6.72395596,
-6.744814128,
-6.766322871,
-6.788168534,
-6.809972663,
-6.831437428,
-6.85243006,
-6.872971598,
-6.893178424,
-6.913201034,
-6.932394236,
-6.952495294,
-6.973306956,
-6.994390391,
-7.017031215,
-7.040236519,
-7.064218548,
-7.089626709,
-7.117071827,
-7.146922358,
-7.179207807,
-7.213685991,
-7.249989385,
-7.287774411,
-7.32683401,
-7.367109164,
-7.407898268,
-7.450807594,
-7.495643666,
-7.542037056,
-7.589694388,
-7.638336811,
-7.687675436,
-7.737364152,
-7.786984778,
-7.836193234,
-7.884714581,
-7.932438254,
-7.980131421,
-8.02786113,
-8.075807534,
-8.124104436,
-8.172478936,
-8.220998371,
-8.267787926,
-8.311886358,
-8.352975773,
-8.391288281,
-8.427321387,
-8.462050635,
-8.496485695,
-8.530099768,
-8.564329127,
-8.598736568,
-8.632426435,
-8.664362179,
-8.693885375,
-8.72061083,
-8.745085105,
-8.767861151,
-8.789483681,
-8.809882954,
-8.829116214,
-8.84669757,
-8.861598677,
-8.87369152,
-8.883352017,
-8.890986543,
-8.897171968,
-8.902976068,
-8.908910315,
-8.915434424,
-8.92317746,
-8.932300894,
-8.942640395,
-8.954431137,
-8.968025035,
-8.982952283,
-8.999249485,
-9.017625852,
-9.037312503,
-9.058844171,
-9.0819199,
-9.106833537,
-9.133667236,
-9.161276041,
-9.190771237,
-9.220097916,
-9.251907693,
-9.285743886,
-9.320469938,
-9.355959392,
-9.39244749,
-9.429446292,
-9.467467484,
-9.506246641,
-9.545815767,
-9.585986039,
-9.625839302,
-9.667962014,
-5.169173334,
-5.406012125,
-5.362713457,
-5.40259893,
-5.40569438,
-5.402509801,
-5.445526145,
-5.535491705,
-5.633927051,
-5.678401279,
-5.672656509,
-5.669060426,
-5.687899997,
-5.724830491,
-5.768582344,
-5.80925094,
-5.842654089,
-5.870197141,
-5.895573423,
-5.922207582,
-5.951712846,
-5.985243369,
-6.022930646,
-6.064497681,
-6.107968183,
-6.153879549,
-6.200458597,
-6.246846858,
-6.292077466,
-6.335131345,
-6.377988973,
-6.419136135,
-6.457668264,
-6.494278178,
-6.527206273,
-6.557453454,
-6.58838981,
-6.619983951,
-6.652242446,
-6.685140296,
-6.719023604,
-6.754391773,
-6.791429865,
-6.829621748,
-6.868412962,
-6.90641789,
-6.942608786,
-6.976452215,
-7.007948997,
-7.038176601,
-7.068212026,
-7.098357138,
-7.128354053,
-7.157522376,
-7.185294487,
-7.211295639,
-7.235376623,
-7.257640008,
-7.278354746,
-7.298000031,
-7.317174117,
-7.336474797,
-7.356320612,
-7.376842701,
-7.397918021,
-7.419223132,
-7.440423398,
-7.461286452,
-7.481694182,
-7.501705958,
-7.521443033,
-7.541043574,
-7.560645891,
-7.579668409,
-7.599424094,
-7.620992448,
-7.64291151,
-7.665344319,
-7.688828708,
-7.713923032,
-7.741068803,
-7.770447935,
-7.802059637,
-7.835683989,
-7.871068797,
-7.907970756,
-7.946219987,
-7.98579321,
-8.025817701,
-8.06808145,
-8.112335435,
-8.158138768,
-8.205250345,
-8.253297862,
-8.302100171,
-8.351346075,
-8.400651464,
-8.449755204,
-8.498333351,
-8.546433738,
-8.593877487,
-8.642283817,
-8.691510172,
-8.740999879,
-8.790361159,
-8.839555145,
-8.887002577,
-8.932222594,
-8.974964879,
-9.01500636,
-9.052718324,
-9.088886379,
-9.123568103,
-9.158746771,
-9.194384987,
-9.229825847,
-9.264450789,
-9.297053629,
-9.32725011,
-9.354328115,
-9.379089151,
-9.401928253,
-9.422901157,
-9.443450534,
-9.461856573,
-9.478451797,
-9.492795213,
-9.505193751,
-9.514320629,
-9.521895641,
-9.527133815,
-9.532018201,
-9.537078107,
-9.542985856,
-9.551429041,
-9.560468737,
-9.571318203,
-9.582368509,
-9.594933295,
-9.608865057,
-5.785609596,
-6.036745578,
-5.993337211,
-6.028404952,
-6.034075323,
-6.042159365,
-6.092885126,
-6.181017761,
-6.265111223,
-6.298791897,
-6.297616524,
-6.303158422,
-6.328805717,
-6.368958008,
-6.412622634,
-6.451638617,
-6.483443292,
-6.510422188,
-6.536297869,
-6.563697307,
-6.594357091,
-6.628956999,
-6.667646093,
-6.710067954,
-6.753964727,
-6.799297397,
-6.846941145,
-6.894541839,
-6.941071697,
-6.985623381,
-7.029998414,
-7.072976587,
-7.113826896,
-7.152001114,
-7.188942078,
-7.221759845,
-7.25440244,
-7.287173219,
-7.320417432,
-7.354225229,
-7.388767683,
-7.42430848,
-7.460246386,
-7.498313665,
-7.536490055,
-7.573511823,
-7.608325158,
-7.640553327,
-7.670507978,
-7.699376281,
-7.72817594,
-7.756905512,
-7.785088886,
-7.811970414,
-7.83718623,
-7.860526028,
-7.882109468,
-7.902080768,
-7.920840235,
-7.938868306,
-7.956810281,
-7.975121509,
-7.99415199,
-8.013862376,
-8.034098891,
-8.054419613,
-8.074584595,
-8.094430202,
-8.11388588,
-8.133114983,
-8.152192406,
-8.1711725,
-8.190274132,
-8.208619052,
-8.229086987,
-8.249943349,
-8.271220771,
-8.293396053,
-8.316989513,
-8.34234393,
-8.369669798,
-8.399005371,
-8.430346442,
-8.46359497,
-8.498427351,
-8.534783316,
-8.572514685,
-8.611619458,
-8.651216769,
-8.692976459,
-8.736797062,
-8.781968164,
-8.828320151,
-8.875946006,
-8.924002181,
-8.97241572,
-9.020830546,
-9.069614048,
-9.117952847,
-9.166030017,
-9.213746218,
-9.262484439,
-9.311605316,
-9.361220226,
-9.410728137,
-9.459819159,
-9.508073564,
-9.553855013,
-9.597065114,
-9.638929898,
-9.677804613,
-9.716262476,
-9.752141283,
-9.789290853,
-9.825914885,
-9.862794947,
-9.897826326,
-9.930584549,
-9.962942688,
-9.990385893,
-6.341611721,
-6.515842962,
-6.54581013,
-6.636351005,
-6.649744625,
-6.624924752,
-6.657574112,
-6.756998163,
-6.881891197,
-6.940375956,
-6.922104959,
-6.90551422,
-6.91906129,
-6.95740208,
-7.006517525,
-7.052613247,
-7.088498976,
-7.11540582,
-7.138413689,
-7.161840728,
-7.188347652,
-7.218470106,
-7.252714591,
-7.291037897,
-7.332066854,
-7.376294978,
-7.421937302,
-7.468516615,
-7.514772068,
-7.560183631,
-7.604632413,
-7.648921391,
-7.692004488,
-7.732493867,
-7.769772185,
-7.804327838,
-7.837455592,
-7.870386225,
-7.903852833,
-7.938110112,
-7.973317723,
-8.009347897,
-8.046028086,
-8.083048243,
-8.119842273,
-8.155616423,
-8.189515084,
-8.221052261,
-8.250342946,
-8.277661941,
-8.304914993,
-8.332525308,
-8.36007117,
-8.387183913,
-8.41308449,
-8.437398038,
-8.460219857,
-8.481687392,
-8.502246821,
-8.522406355,
-8.542426842,
-8.562903844,
-8.584381608,
-8.606321985,
-8.628778981,
-8.651394856,
-8.67365141,
-8.695319827,
-8.716336507,
-8.736695186,
-8.75670256,
-8.776482954,
-8.795842891,
-8.814857491,
-8.833956301,
-8.854670457,
-8.875690089,
-8.89715129,
-8.919485215,
-8.94291823,
-8.968821752,
-8.996575637,
-9.026324973,
-9.058592955,
-9.091974945,
-9.127010906,
-9.163388532,
-9.200488131,
-9.239465057,
-9.278618723,
-9.320346835,
-9.364265565,
-9.409399498,
-9.455067999,
-9.502320746,
-9.548892236,
-9.595655577,
-9.642552638,
-9.690440259,
-9.737044109,
-9.783043546,
-9.830282201,
-9.87923619,
-9.929462612,
-9.976844164,
-10.02517622,
-7.017604839,
-7.286341666,
-7.257606087,
-7.300668496,
-7.313703539,
-7.327529555,
-7.382407031,
-7.471712659,
-7.549272327,
-7.571234146,
-7.567738266,
-7.578841925,
-7.611302647,
-7.654809081,
-7.696581768,
-7.729883499,
-7.755605042,
-7.777788794,
-7.799856411,
-7.823815259,
-7.850803485,
-7.881413835,
-7.915670607,
-7.953165414,
-7.991872561,
-8.034160489,
-8.078068578,
-8.122641344,
-8.167631702,
-8.213406759,
-8.260452739,
-8.308695084,
-8.357520283,
-8.40599641,
-8.45321841,
-8.498413615,
-8.541432478,
-8.582633504,
-8.622743091,
-8.661429332,
-8.69991535,
-8.739412254,
-8.779297451,
-8.817145359,
-8.852645113,
-8.886354689,
-8.918828583,
-8.949259879,
-8.977199874,
-9.001706162,
-9.023697222,
-9.044329816,
-9.063964907,
-9.082494226,
-9.099249576,
-9.114173243,
-9.127059792,
-9.139917925,
-9.152678118,
-9.166372691,
-9.181218986,
-9.197114871,
-9.214350116,
-9.232219772,
-9.250572363,
-9.268978386,
-9.287242468,
-9.305225597,
-9.322883647,
-9.340810666,
-9.358443151,
-9.376635864,
-9.393765756,
-9.412206712,
-9.430463324,
-9.449495038,
-9.469111643,
-9.489800286,
-9.511915658,
-9.53559693,
-9.55987058,
-9.585505463,
-9.613250713,
-9.64240014,
-9.672246268,
-9.703326346,
-9.734726712,
-9.767181216,
-9.802654564,
-9.836852561,
-9.872012485,
-9.908844157,
-9.948384153,
-9.987853251,
-10.02527458,
-10.0649064,
-10.106599,
-10.14529987,
-10.18272828,
-10.22393259,
-10.26620639,
-7.645616253,
-7.913234217,
-7.887678119,
-7.933927856,
-7.947939822,
-7.96284649,
-8.020525268,
-8.113821562,
-8.192717183,
-8.211140514,
-8.205610892,
-8.218231778,
-8.254495567,
-8.302752119,
-8.348879597,
-8.38512566,
-8.412524337,
-8.435695816,
-8.458555306,
-8.483419634,
-8.511594452,
-8.543751825,
-8.579753543,
-8.618928488,
-8.659920954,
-8.703152925,
-8.74701067,
-8.790792456,
-8.834913673,
-8.87983307,
-8.925527302,
-8.972251535,
-9.018952552,
-9.064838199,
-9.108547781,
-9.150496594,
-9.189245986,
-9.225207506,
-9.260572992,
-9.296339418,
-9.331875669,
-9.367666283,
-9.403189845,
-9.438438199,
-9.473932896,
-9.50704699,
-9.537886327,
-9.566431451,
-9.590848246,
-9.614816883,
-9.637940688,
-9.661302603,
-9.682980192,
-9.703115722,
-9.721210939,
-9.734922527,
-9.749890253,
-9.762167533,
-9.777000529,
-9.790060664,
-9.808544119,
-9.826181039,
-9.84523903,
-9.862371462,
-9.881272791,
-9.900395818,
-9.920202371,
-9.937783789,
-9.960431665,
-9.977946831,
-9.995237454,
-10.0155848,
-10.03358857,
-10.05167548,
-10.06941782,
-10.08835069,
-10.10925018,
-10.13216131,
-10.15331624,
-10.17699242,
-10.20332305,
-10.23073892,
-10.25807109,
-10.28502915,
-10.31219108,
-10.34618876,
-10.36851433,
-10.40762595,
-10.4451184,
-10.47887112,
-10.50903726,
-10.54435858,
-10.58038038,
-10.60580808,
-10.64080749,
-10.67113506,
-10.71600834,
-10.72372831,
-10.75466595,
-10.82579912,
-10.85839166,
-8.371759904,
-8.640113928,
-8.617309376,
-8.66747496,
-8.683017274,
-8.69898245,
-8.760213241,
-8.858341726,
-8.939002626,
-8.953495115,
-8.946448233,
-8.961468343,
-9.002774888,
-9.058097751,
-9.109979847,
-9.149876388,
-9.17868937,
-9.201890998,
-9.224901633,
-9.250453683,
-9.280070039,
-9.313839358,
-9.351620029,
-9.391731803,
-9.434222031,
-9.478469765,
-9.521852641,
-9.564203302,
-9.605681332,
-9.649634641,
-9.692207992,
-9.736603213,
-9.780462973,
-9.824413893,
-9.864014369,
-9.898247333,
-9.933529247,
-9.965266641,
-9.996182933,
-10.0295732,
-10.06244732,
-10.09457491,
-10.1268356,
-10.16074681,
-10.19297339,
-10.2226895,
-10.25500006,
-10.28047751,
-10.30589174,
-10.32597718,
-10.35001836,
-10.37374065,
-10.39619211,
-10.41581074,
-10.425121,
-10.44334033,
-10.4532583,
-10.47522497,
-10.48725704,
-10.49221879,
-10.51730159,
-10.54395049,
-10.55404656,
-10.57388288,
-10.60274306,
-10.60685486,
-10.62096737,
-10.62538096,
-10.66050333,
-10.67983948,
-10.69669399,
-10.72030037,
-10.72182286,
-10.74631433,
-10.76641027,
-10.79413177,
-10.8002335,
-10.82995144,
-10.8167467,
-10.84684938,
-10.86697067,
-10.87528297,
-10.89444096,
-10.92895579,
-10.9660265,
-10.93705391,
-10.98422926,
-11.00746449,
-10.99670484,
-11.0499065,
-10.98919735,
-11.04143419,
-11.03651137,
-11.09501433,
-11.09753536,
-11.10096192,
-11.10564676,
-11.06805886,
-11.15059496,
-11.09879787,
-11.02397876,
-9.217930256,
-9.487466481,
-9.469218884,
-9.524479873,
-9.541041523,
-9.558913636,
-9.624519884,
-9.730372557,
-9.812171521,
-9.819525531,
-9.810151443,
-9.829813692,
-9.880174631,
-9.944379203,
-10.00572901,
-10.04673288,
-10.07712328,
-10.10037747,
-10.1260021,
-10.14728372,
-10.18036106,
-10.21456376,
-10.25515457,
-10.29671795,
-10.33799625,
-10.37560722,
-10.42122544,
-10.4511241,
-10.48604315,
-10.52866446,
-10.56416975,
-10.60196681,
-10.63984642,
-10.6748885,
-10.69627807,
-10.72932292,
-10.73374668,
-10.7650423,
-10.78321914,
-10.78906726,
-10.79492316,
-10.84480179,
-10.87961446,
-10.89042561,
-10.88070897,
-10.90115909,
-10.91988425,
-10.95944651,
-10.95296216,
-10.92451599,
-10.95048454,
-11.07060235,
-11.04423263,
-11.05591898,
-11.0469128,
-11.06023632,
-11.03640026,
-11.11680194,
-11.04563253,
-11.11344046,
-11.06022322,
-11.03194893,
-11.10100602,
-11.02854138,
-11.0444028,
-11.08225595,
-11.12219804,
-11.1022032,
-11.07297145,
-11.10003409,
-11.10140967,
-11.11314005,
-11.05431974,
-11.07321036,
-11.05353879,
-11.05312199,
-11.03473153,
-11.14707965,
-11.05762723,
-11.07857039,
-11.07375769,
-11.06407973,
-11.08241303,
-11.11027054,
-10.98508139,
-11.01189269,
-11.07900802,
-10.96802679,
-11.08847409,
-11.05170428,
-11.0743879,
-11.06747617,
-11.08029691,
-11.02845478,
-11.09936101,
-11.07454038,
-11.0844328,
-11.15442155,
-11.09505777,
-11.0346973,
-11.0783361,
