"VARIABLE"      , "DRAG"          , "EFFICIENCY"    , "FORCE_X"       , "FORCE_Y"       , "FORCE_Z"       , "LIFT"          , "MOMENT_X"      , "MOMENT_Y"      , "MOMENT_Z"      , "SIDEFORCE"     , "FINDIFF_STEP"  
0               , -4.27739999999538, 6170.8999999865455, -4.7296000000012635, -2.01168999999779, 12.875000000023284, 13.032000000245958, 8.632000000341478, 27.68079999992956, 1.9880100000013377, -2.01168999999779, 1e-07           
1               , -0.8208999999897992, 2489.4999999958145, -1.6845599999995575, -2.945399999992188, 24.718999999673308, 24.763000000538327, 16.95400000001346, 24.125099999938726, 1.1955699999975644, -2.945399999992188, 1e-07           
2               , 2.5718000000105046, -1515.9000000153355, 1.537670000001032, -1.7467099999897429, 29.658999999848668, 29.586999999997587, 20.32200000001705, 7.8488999999404285, -0.05860999999999367, -1.7467099999897429, 1e-07           
3               , 2.83119999999748, -1524.1999999915379, 1.6067100000027175, 0.14534000000038239, 35.11399999989173, 35.03700000018206, 22.86000000017996, -6.323700000032684, -0.181060000000767, 0.14534000000038239, 1e-07           
4               , 2.273099999998418, -47.00000001633953, 0.5895400000035383, 1.7480999999971991, 48.250999999943645, 48.20100000024752, 28.861000000435233, -18.535000000097224, 0.33485999999770255, 1.7480999999971991, 1e-07           
5               , 3.610999999986708, -54.20000000810887, 0.9243800000013208, 2.9202500000102827, 76.998999999911 , 76.91900000050822, 42.49499999997575, -35.0751000000038, 0.6300899999976337, 2.9202500000102827, 1e-07           
6               , 7.237600000015165, -1849.199999988116, 2.888870000005567, 3.7067300000075134, 124.6589999998049, 124.48200000014786, 64.87500000040836, -59.90060000002351, 0.4203099999988691, 3.7067300000075134, 1e-07           
7               , 1.69059999999277, 142.20000000619848, 0.33302000000505483, 3.247500000008036, 38.906000000005214, 38.87000000035723, 11.582000000176507, -40.25130000001598, 1.7329600000013172, 3.247500000008036, 1e-07           
8               , -34.865299999992104, 15409.200000000568, -17.783709999998415, -0.09904000000324209, -489.76000000033883, -488.84199999987834, -282.79799999975097, 141.9710000000185, 8.394619999997632, -0.09904000000324209, 1e-07           
9               , -5.242599999989717, 7532.599999997558, -5.778489999995126, -0.4066599999970333, 15.25499999988078, 15.44800000030655, 11.235000000331397, 34.494099999948794, 2.729859999999092, -0.4066599999970333, 1e-07           
10              , -1.0342999999871094, 3105.0999999848727, -2.103659999998925, -0.6030599999928832, 30.605999999933076, 30.660000000515275, 22.23900000042356, 30.163899999990917, 1.2059599999994162, -0.6030599999928832, 1e-07           
11              , 3.230799999996703, -1918.2000000128596, 1.9399299999982995, -0.36550999999232503, 37.02299999963632, 36.93200000043362, 26.696000000048237, 9.877700000021639, -0.6924200000001102, -0.36550999999232503, 1e-07           
12              , 3.5668000000071975, -1945.499999997935, 2.0392400000047997, 0.043670000011986065, 43.80699999972926, 43.710000000030114, 30.131000000044317, -7.841700000038587, -0.905010000000657, 0.043670000011986065, 1e-07           
13              , 2.8923999999957983, -130.7999999866638, 0.7924700000036533, 0.453430000005306, 60.18499999982385, 60.11999999999684, 38.502999999967535, -23.17190000003522, -0.4163100000018419, 0.453430000005306, 1e-07           
14              , 4.582800000006715, -167.10000000585978, 1.2317000000049845, 0.8546200000111859, 96.04399999973978, 95.94200000018205, 57.76000000012882, -43.92059999996923, -0.5236800000021566, 0.8546200000111859, 1e-07           
15              , 9.126500000004867, -2425.099999996405, 3.69836999999755, 1.2401900000014177, 155.6019999998659, 155.37800000020584, 89.81800000029683, -75.0442999999934, -1.4584300000010724, 1.2401900000014177, 1e-07           
16              , 2.1832000000193696, 93.5999999995829, 0.4836699999972299, 0.7669100000017026, 48.70699999992567, 48.660000000477766, 19.64600000015082, -50.550799999965484, 0.26603999999947475, 0.7669100000017026, 1e-07           
17              , -43.80019999999929, 19481.100000007245, -22.41372999999859, -2.1794399999996994, -613.1920000002067, -612.0359999994829, -381.77299999997416, 178.35059999998794, 11.06030000000164, -2.1794399999996994, 1e-07           
18              , -5.302499999984556, 7565.199999994832, -5.812700000001545, -0.05741999998740144, 14.517999999963394, 14.712000000471903, 11.211000000010962, 35.02850000003388, 3.2883600000008926, -0.05741999998740144, 1e-07           
19              , -1.024500000008921, 3083.6000000178387, -2.0884999999987857, -0.06054999999657862, 30.450999999875883, 30.505000000458082, 23.123000000291327, 30.64109999992293, 1.2590599999997427, -0.06054999999657862, 1e-07           
20              , 3.2663999999932303, -1941.0000000164018, 1.9623199999999064, -0.06993999998941569, 37.399999999743194, 37.30899999998538, 28.263000000361416, 10.07439999992088, -1.070920000001245, -0.06993999998941569, 1e-07           
21              , 3.6225000000014718, -1990.4999999909023, 2.0797100000035513, -0.0632099999946234, 44.24199999963907, 44.14300000032956, 32.3500000004584, -7.9028999999675165, -1.2793700000009873, -0.0632099999946234, 1e-07           
22              , 3.004000000000895, -245.59999999951287, 0.888370000002095, 0.024480000006266156, 60.63599999994729, 60.56800000042717, 42.24200000013667, -23.54590000003265, -0.7129600000004358, 0.024480000006266156, 1e-07           
23              , 4.759099999987471, -334.6000000092886, 1.3749800000049246, 0.22470999999982255, 96.99299999998968, 96.88600000001824, 65.10400000048212, -44.77410000008897, -0.9826499999983362, 0.22470999999982255, 1e-07           
24              , 9.369700000004533, -2614.600000008238, 3.871210000000805, 0.5063200000064716, 157.61999999974742, 157.38800000053567, 103.4430000002029, -76.59800000003881, -2.310220000001882, 0.5063200000064716, 1e-07           
25              , 2.3105000000051 , -2.099999996119095, 0.5721000000038362, 0.0313199999962821, 49.82200000003267, 49.77100000025381, 26.976999999983597, -51.78150000006987, -0.24796000000232993, 0.0313199999962821, 1e-07           
26              , -44.3995000000072, 19871.50000001492, -22.794020000001247, -2.773569999989234, -619.474999999925, -618.302000000015, -425.8569999998629, 181.3039999999655, 13.375209999997793, -2.773569999989234, 1e-07           
27              , -5.159800000008319, 7323.3000000172415, -5.633530000001899, -0.07950000000325752, 13.474999999707471, 13.66300000027465, 10.635000000092099, 34.660399999969506, 3.805379999999303, -0.07950000000325752, 1e-07           
28              , -0.9660999999994146, 2936.799999986306, -1.9866799999979785, -0.09621000000153979, 29.20799999972523, 29.26000000014195, 23.232999999955872, 30.34669999998907, 1.3280400000016679, -0.09621000000153979, 1e-07           
29              , 3.190700000009483, -1898.5000000171226, 1.9183299999978727, -0.13763999998778198, 36.4920000001101, 36.40300000051777, 29.130000000487932, 10.07179999998331, -1.3742599999991278, -0.13763999998778198, 1e-07           
30              , 3.562099999999957, -1972.7000000102635, 2.0542300000012808, -0.1730999999935423, 43.242000000165426, 43.14400000038354, 33.94400000023001, -7.686899999997943, -1.5576699999991783, -0.1730999999935423, 1e-07           
31              , 3.0512000000204598, -390.29999999939946, 0.9861700000016183, -0.11128999999332478, 59.18800000004332, 59.11800000035772, 45.34000000000482, -23.264999999966786, -0.9046900000019357, -0.11128999999332478, 1e-07           
32              , 4.841699999987015, -547.7999999925487, 1.5222700000018519, 0.08678000000886255, 95.13999999988255, 95.02900000013526, 71.73400000004548, -44.51420000009532, -1.27999999999847, 0.08678000000886255, 1e-07           
33              , 9.386399999998519, -2764.10000001448, 3.9643100000017615, 0.3809799999955621, 155.43299999976057, 155.20000000046608, 116.22200000005468, -76.37150000003312, -2.9032000000003486, 0.3809799999955621, 1e-07           
34              , 2.3998000000038933, -104.40000000500049, 0.6550400000020218, -0.09932999998907288, 50.00500000018615, 49.95100000015906, 34.55700000043471, -51.928099999987154, -0.4533400000013288, -0.09932999998907288, 1e-07           
35              , -43.72579999998433, 19688.90000000556, -22.51898999999433, -2.9678199999980115, -608.0460000001952, -606.8899999994715, -464.6809999997448, 179.5928999999419, 15.897349999998562, -2.9678199999980115, 1e-07           
36              , -4.975899999988543, 7024.499999985778, -5.410210000000859, -0.14472999999848302, 12.349999999883288, 12.531000000426396, 9.787000000427426, 34.081799999974294, 4.310359999998119, -0.14472999999848302, 1e-07           
37              , -0.8803000000126571, 2736.6999999856034, -1.8463599999948843, -0.19432999999111078, 27.650000000156716, 27.698000000242473, 23.090000000336453, 29.89879999998335, 1.358400000001786, -0.19432999999111078, 1e-07           
38              , 3.0943000000130394, -1859.4999999876904, 1.8712399999995522, -0.24680000000262825, 35.07700000016101, 34.990000000179045, 29.74900000007885, 10.078699999999108, -1.668439999998918, -0.24680000000262825, 1e-07           
39              , 3.4720000000043605, -1950.3000000042903, 2.018640000000377, -0.2883599999926878, 41.67999999971084, 41.584000000094434, 35.30200000045891, -7.349499999975695, -1.8253600000007337, -0.2883599999926878, 1e-07           
40              , 3.0872999999889683, -558.9999999955353, 1.095469999998558, -0.22501999999424704, 57.09299999989703, 57.02000000051832, 48.174000000233974, -22.792099999974226, -1.1275400000005167, -0.22501999999424704, 1e-07           
41              , 4.91040000001608, -795.0999999906116, 1.686450000005016, -0.013079999999776604, 92.40799999976623, 92.29200000016036, 78.05500000013232, -43.99010000002979, -1.6251399999984637, -0.013079999999776604, 1e-07           
42              , 9.358699999996444, -2928.4000000018295, 4.055250000002675, 0.30596000000909784, 152.0339999999676, 151.79900000050762, 128.66500000041637, -75.79330000007101, -3.52506000000051, 0.30596000000909784, 1e-07           
43              , 2.5064000000116216, -227.39999998577787, 0.7545699999989691, -0.180060000000426, 50.20899999985673, 50.15200000013653, 42.32100000001182, -51.98460000008232, -0.6675399999997792, -0.180060000000426, 1e-07           
44              , -42.7065999999976, 19383.60000000472, -22.08557000000014, -3.15622999999543, -591.2540000002631, -590.1229999999425, -501.59599999988205, 176.781100000023, 18.422150000001714, -3.15622999999543, 1e-07           
45              , -4.7840000000007326, 6708.599999996068, -5.174820000000344, -0.24002000000369894, 11.106999999732636, 11.281000000251673, 8.690000000144416, 33.300999999902324, 4.79044000000102, -0.24002000000369894, 1e-07           
46              , -0.759599999983207, 2478.100000011807, -1.6626000000005692, -0.31283999999895395, 25.846999999745712, 25.88900000044525, 22.674000000333372, 29.281499999977978, 1.3347200000009969, -0.31283999999895395, 1e-07           
47              , 2.977099999995625, -1821.2000000161765, 1.8195199999980483, -0.36707999999038843, 33.19999999973344, 33.1159999999997, 29.983000000011195, 10.071399999950215, -1.9394200000003374, -0.36707999999038843, 1e-07           
48              , 3.3472999999908937, -1917.0999999928995, 1.9680800000029115, -0.41531000000150087, 39.5549999998579, 39.46200000048972, 36.156000000064914, -6.898800000015859, -2.0732399999990463, -0.41531000000150087, 1e-07           
49              , 3.098199999988782, -734.3000000048505, 1.202470000004688, -0.35708999999994884, 54.33999999970851, 54.26500000016432, 50.35900000005533, -22.116700000018863, -1.386930000000543, -0.35708999999994884, 1e-07           
50              , 4.949499999989948, -1057.3000000135835, 1.8521700000020265, -0.14159000000235622, 88.78399999967534, 88.66500000037637, 83.50200000006858, -43.170300000061616, -2.033059999999136, -0.14159000000235622, 1e-07           
51              , 9.28640000001646, -3110.399999997071, 4.145770000005267, 0.19470000001131638, 147.369999999869, 147.13500000040904, 139.935000000313, -74.81320000002346, -4.203839999998745, 0.19470000001131638, 1e-07           
52              , 2.6390000000195424, -388.20000000328037, 0.8830400000017086, -0.30380000000038154, 50.33200000004179, 50.270000000463 , 50.01500000045844, -51.91269999996196, -0.9574299999993638, -0.30380000000038154, 1e-07           
53              , -41.36190000000178, 18988.499999998967, -21.518339999998528, -3.4064599999973635, -568.9670000003089, -567.8689999999432, -533.483999999862, 172.81159999993358, 20.792389999997955, -3.4064599999973635, 1e-07           
54              , -4.557499999995052, 6346.400000012409, -4.903300000001082, -0.3648500000036359, 9.82300000007541, 9.988000000404895, 7.465000000372868, 32.23199999999316, 5.217439999999178, -0.3648500000036359, 1e-07           
55              , -0.6072000000023614, 2164.3999999909624, -1.4382399999950113, -0.4609999999967418, 23.788999999885263, 23.82400000000562, 21.924999999978212, 28.385299999933444, 1.2649199999980114, -0.4609999999967418, 1e-07           
56              , 2.8205000000142144, -1762.2000000017124, 1.7457100000024124, -0.5131899999920309, 30.825999999817277, 30.746000000414497, 29.630000000224754, 9.978899999929514, -2.1483600000024583, -0.5131899999920309, 1e-07           
57              , 3.1686999999933074, -1854.1000000027452, 1.8864700000037482, -0.5713599999894459, 36.77499999965583, 36.6860000000635, 36.17200000027854, -6.3321000000338135, -2.2689200000021104, -0.5713599999894459, 1e-07           
58              , 3.0587999999900917, -893.8999999941188, 1.2877500000021969, -0.527879999989711, 50.76999999964471, 50.69400000001778, 51.401000000228514, -21.15660000009956, -1.6602000000014856, -0.527879999989711, 1e-07           
59              , 4.927299999991919, -1308.5999999873366, 1.9962299999988498, -0.3244399999872971, 84.02099999971213, 83.90000000024767, 87.3260000000542, -41.882899999984296, -2.4816600000020577, -0.3244399999872971, 1e-07           
60              , 9.140599999991894, -3297.099999990394, 4.2208300000002446, 0.012130000007909425, 141.04299999984082, 140.80999999999122, 148.92500000029952, -73.17660000005777, -4.925679999998392, 0.012130000007909425, 1e-07           
61              , 2.7991000000129884, -598.2000000059884, 1.0476000000033543, -0.5158899999899158, 50.20500000008088, 50.13700000000565, 57.3689999999738, -51.563700000090144, -1.3646499999984962, -0.5158899999899158, 1e-07           
62              , -39.60120000000289, 18475.199999983262, -20.777999999999075, -3.758689999990711, -539.7160000003565, -538.6619999997455, -556.2219999999396, 167.18190000000743, 22.82115000000126, -3.758689999990711, 1e-07           
63              , -4.269200000010798, 5915.499999993302, -4.57558000000087, -0.511309999999543, 8.697999999696115, 8.85300000030842, 6.399999999961992, 30.697800000034636, 5.569379999998022, -0.511309999999543, 1e-07           
64              , -0.44819999999584637, 1829.200000003084, -1.1994599999950313, -0.6447500000041073, 21.50599999972691, 21.535000000461046, 20.842000000298455, 27.01159999993208, 1.1980900000005055, -0.6447500000041073, 1e-07           
65              , 2.5969000000056197, -1651.0000000025116, 1.6242599999976433, -0.703509999994828, 27.89700000005446, 27.8230000000379, 28.49200000043517, 9.678300000037776, -2.2314699999999648, -0.703509999994828, 1e-07           
66              , 2.9108999999999385, -1736.699999987934, 1.7528499999999032, -0.7798799999889083, 33.212999999698845, 33.132000000213324, 35.00600000039267, -5.660100000082213, -2.362610000000709, -0.7798799999889083, 1e-07           
67              , 2.935499999988378, -1008.4999999904198, 1.325509999998767, -0.7666499999940679, 46.15400000018699, 46.08000000017043, 50.723000000196805, -19.784799999977842, -1.903019999998333, -0.7666499999940679, 1e-07           
68              , 4.792299999993588, -1511.1000000089803, 2.0834000000018174, -0.60306999999718, 77.6559999998705, 77.53600000048877, 88.47400000011608, -39.82740000005314, -2.920170000001929, -0.60306999999718, 1e-07           
69              , 8.852599999997768, -3447.1000000024787, 4.23898999999707, -0.3070300000004855, 132.27199999965578, 132.04400000021988, 153.9480000001259, -70.40040000003134, -5.640360000000629, -0.3070300000004855, 1e-07           
70              , 2.9720999999982567, -851.3999999948396, 1.2410600000022782, -0.9126500000004867, 49.62299999966557, 49.549000000204124, 63.972000000078744, -50.67740000003207, -1.939300000000817, -0.9126500000004867, 1e-07           
71              , -37.206399999996364, 17730.900000003658, -19.743569999999476, -4.3027899999936725, -500.71900000003836, -499.7249999999509, -563.7040000000537, 158.87079999998832, 24.145609999999888, -4.3027899999936725, 1e-07           
72              , -3.8893999999844997, 5401.399999982459, -4.17574999999823, -0.6676199999951227, 8.133999999659913, 8.274000000141335, 6.081000000213166, 28.23099999993417, 5.8287399999981675, -0.6676199999951227, 1e-07           
73              , -0.3280999999813461, 1541.7999999911558, -0.9987199999991758, -0.8670300000006292, 19.199999999885975, 19.22300000012367, 19.663999999974813, 24.71889999994259, 1.2502800000001313, -0.8670300000006292, 1e-07           
74              , 2.27589999998723, -1445.9999999871798, 1.4229299999998086, -0.9651099999903601, 24.46599999983423, 24.401000000007222, 26.543000000156525, 8.920000000023354, -2.0924300000004297, -0.9651099999903601, 1e-07           
75              , 2.550000000010877, -1536.9999999848005, 1.5448299999984427, -1.083239999991048, 28.830000000090727, 28.758000000239647, 32.448000000240285, -4.961500000011387, -2.2836899999994706, -1.083239999991048, 1e-07           
76              , 2.6859999999878648, -1039.4999999974175, 1.2823099999979133, -1.1309000000001013, 40.24399999968953, 40.17400000000393, 47.7220000000278, -17.87560000007793, -2.038489999999123, -1.1309000000001013, 1e-07           
77              , 4.462800000000489, -1607.9999999973893, 2.0597400000009483, -1.0650399999943827, 68.893999999875 , 68.78000000043461, 85.36100000011704, -36.528700000093565, -3.252240000002106, -1.0650399999943827, 1e-07           
78              , 8.273399999987607, -3473.400000011395, 4.111519999999008, -0.9161099999953348, 119.32599999986415, 119.10900000022818, 151.74300000031505, -65.46209999999664, -6.232830000001133, -0.9161099999953348, 1e-07           
79              , 3.1020999999992194, -1119.6999999896207, 1.4328700000034584, -1.7341400000009388, 47.8539999998473, 47.77500000052726, 68.42900000025854, -48.5218000000065, -2.766040000001975, -1.7341400000009388, 1e-07           
80              , -33.62199999999011, 16439.00000001253, -18.089429999999798, -5.235099999993665, -445.38099999991147, -444.4779999995818, -543.7959999998743, 145.36119999991604, 23.950799999997685, -5.235099999993665, 1e-07           
81              , -3.3408000000081928, 4731.599999985292, -3.641609999998838, -0.7161600000006596, 8.556000000159436, 8.678000000261754, 7.28100000013665, 23.566799999957812, 5.8625399999975505, -0.7161600000006596, 1e-07           
82              , -0.26309999998086475, 1350.2999999914778, -0.86873000000251, -1.1109200000018749, 17.339999999754774, 17.359000000216618, 19.039999999970192, 20.379399999909122, 1.5060800000014918, -1.1109200000018749, 1e-07           
83              , 1.8507000000209106, -1113.1000000119684, 1.1197299999970296, -1.423560000001628, 20.964999999928402, 20.913000000066795, 24.294000000035787, 7.076400000000094, -1.6327899999982536, -1.423560000001628, 1e-07           
84              , 2.081899999999137, -1232.2999999980766, 1.2478000000013674, -1.7040700000039988, 23.92099999970476, 23.862000000374195, 28.750000000132836, -4.534000000028238, -1.9521900000013526, -1.7040700000039988, 1e-07           
85              , 2.267999999992776, -944.5999999968535, 1.1225399999988117, -1.887829999998314, 32.84100000000567, 32.78200000011999, 41.798000000037305, -15.35450000006433, -1.9685900000008736, -1.887829999998314, 1e-07           
86              , 3.7991000000070496, -1518.0000000114546, 1.8421800000029132, -2.028029999993214, 56.10699999991642, 56.008000000051794, 74.93600000019197, -31.064000000080583, -3.335529999998893, -2.028029999993214, 1e-07           
87              , 7.053100000015133, -3202.599999987399, 3.6488300000046827, -2.2553500000042916, 97.60999999997023, 97.4230000000409, 134.17200000032105, -55.697300000018274, -6.469580000000551, -2.2553500000042916, 1e-07           
88              , 3.009500000004939, -1353.500000007557, 1.5491299999986081, -3.5304599999876065, 41.872000000053866, 41.793000000178715, 65.22499999994658, -42.57680000008257, -3.997359999999804, -3.5304599999876065, 1e-07           
89              , -27.298199999983844, 13690.100000012251, -14.891519999997438, -6.786349999992475, -355.75800000020587, -355.0219999998161, -466.2340000000098, 119.604500000009, 20.209059999999962, -6.786349999992475, 1e-07           
90              , -2.163700000001878, 3234.2000000085136, -2.4595399999993717, -0.46510999999332947, 8.435999999667487, 8.51600000018049, 8.620000000458816, 14.050500000001298, 4.494739999998631, -0.46510999999332947, 1e-07           
91              , -0.0345000000095963, 919.9000000137403, -0.5560399999986199, -1.4723499999931555, 14.936000000131955, 14.946000000404247, 17.86200000020166, 11.712400000002399, 1.3334099999975577, -1.4723499999931555, 1e-07           
92              , 1.3500000000180035, -710.2000000003272, 0.7562200000053865, -2.650149999988 , 17.02699999994728, 16.990000000216554, 21.267000000491088, 3.1107999999557823, -1.0159599999996771, -2.650149999988 , 1e-07           
93              , 1.4754999999935792, -814.4999999970537, 0.849330000001966, -3.521010000003683, 17.956999999735324, 17.91600000022875, 23.036000000309365, -4.415300000060185, -1.423019999999449, -3.521010000003683, 1e-07           
94              , 1.544000000006096, -664.4000000122219, 0.7768800000008957, -3.8499200000034763, 21.99499999966381, 21.954000000157237, 29.59800000035262, -11.163699999983123, -1.6420300000003636, -3.8499200000034763, 1e-07           
95              , 2.411200000010383, -1049.100000010128, 1.2201399999991343, -3.998410000004282, 34.15000000006607, 34.087000000404544, 48.26300000038142, -20.402400000008036, -2.8307699999991986, -3.998410000004282, 1e-07           
96              , 4.320300000006106, -2158.500000000174, 2.352129999999217, -4.422960000003556, 56.43700000002028, 56.32000000033166, 82.38900000012706, -34.470500000077784, -5.380850000001082, -4.422960000003556, 1e-07           
97              , 2.1065999999958507, -1231.2999999863905, 1.2533400000052515, -5.685099999999665, 24.471999999775562, 24.414000000527736, 40.836000000377126, -26.50850000007754, -4.705980000000235, -5.685099999999665, 1e-07           
98              , -15.267900000011382, 7720.400000010841, -8.36697999999532, -7.285299999989364, -197.8829999998988, -197.47099999967156, -273.91599999981867, 67.97699999991359, 10.208959999999031, -7.285299999989364, 1e-07           
99              , -1.2640999999882774, 2505.2999999886083, -1.8034499999972087, 10.377180000003401, 15.422999999903375, 15.476000000402834, 10.941000000430634, 38.31499999995547, 2.9116300000013586, 10.377180000003401, 1e-07           
100             , 9.754099999995104, -10681.000000012376, 8.767570000003596, 24.347319999996206, 28.421000000111718, 28.09800000003193, 21.76600000014517, 32.833399999931956, 0.025329999998532915, 24.347319999996206, 1e-07           
101             , 18.144999999990254, -21279.700000000903, 17.149969999998017, 33.268479999997574, 28.811999999711624, 28.196000000368926, 24.425000000327657, 3.7942000000179554, -3.047759999999511, 33.268479999997574, 1e-07           
102             , 13.155199999996537, -14070.400000001371, 11.62550000000269, 34.206679999995714, 44.03599999980301, 43.60400000014142, 32.78200000011999, -20.541700000015208, -1.437239999999007, 34.206679999995714, 1e-07           
103             , 3.504499999987254, 128.19999998470166, 0.7895600000022707, 28.42846000000385, 77.80799999967947, 77.73300000013528, 48.97100000011978, -35.99640000004345, 1.9701099999991367, 28.42846000000385, 1e-07           
104             , 0.6585000000142172, 6009.8999999880225, -3.414420000000251, 19.800520000001764, 116.64399999999908, 116.69200000008485, 66.12500000002797, -51.96930000006539, 3.229059999999319, 19.800520000001764, 1e-07           
105             , 5.535500000007632, 2549.0000000161217, -0.1496000000007075, 12.094949999996025, 162.89599999996796, 162.80200000051704, 85.86400000010208, -76.3700000000478, 1.9773500000005648, 12.094949999996025, 1e-07           
106             , 2.5878000000159607, 1268.7999999982935, -0.11587999999666809, 6.135750000007406, 77.46799999985843, 77.42500000018637, 31.769000000125835, -57.58600000002612, 1.793359999998495, 6.135750000007406, 1e-07           
107             , -33.10400000001296, 15116.699999992989, -17.174599999999348, 0.267579999997658, -456.73500000009693, -455.85699999961537, -265.4999999995855, 127.95159999995366, 7.818630000000667, 0.267579999997658, 1e-07           
108             , -1.4124000000115267, 2921.79999998865, -2.088009999996407, 2.6665599999961542, 19.321999999988293, 19.383000000039452, 15.061000000482494, 47.77890000001728, 3.19689999999772, 2.6665599999961542, 1e-07           
109             , 11.921999999997546, -12998.800000012523, 10.682880000004863, 6.10668000000647, 35.690999999893336, 35.29600000051758, 29.716000000123977, 41.06789999999694, -1.9144200000004858, 6.10668000000647, 1e-07           
110             , 22.246299999986732, -25995.89999999097, 20.971010000004135, 8.07021000000588, 36.908000000113184, 36.154000000454545, 33.3980000000178, 4.988799999910976, -7.654450000001839, 8.07021000000588, 1e-07           
111             , 16.069399999991962, -17063.499999991905, 14.127299999997998, 8.112339999997998, 55.89500000013903, 55.36800000038866, 44.197000000356645, -25.203000000029174, -6.345810000000715, 8.112339999997998, 1e-07           
112             , 4.2856000000146555, 240.50000000386262, 0.9156600000014697, 6.768510000011719, 96.57900000015208, 96.48800000039427, 65.24500000049116, -44.53959999997648, -1.6929800000006074, 6.768510000011719, 1e-07           
113             , 0.9693999999949021, 7241.20000000994, -4.070479999998198, 4.928250000001134, 144.34199999968644, 144.39600000026866, 89.00100000042156, -64.80860000004918, 0.37475999999873194, 4.928250000001134, 1e-07           
114             , 7.114800000020128, 2899.099999993382, 0.032220000001359494, 3.3608200000062594, 202.94199999992824, 202.81700000013282, 118.30900000009414, -95.71520000001277, -0.8913999999986614, 3.3608200000062594, 1e-07           
115             , 3.392199999993628, 1434.4999999948982, -0.015750000002118236, 1.6087500000032395, 97.64999999994917, 97.59100000006349, 48.047000000273066, -72.60039999998358, -0.13304000000182586, 1.6087500000032395, 1e-07           
116             , -41.520500000009896, 19090.099999985454, -21.617959999999453, -1.9589899999915283, -570.6599999999452, -569.5579999998035, -357.07199999956975, 160.32299999996226, 10.406890000001779, -1.9589899999915283, 1e-07           
117             , -1.1826999999839383, 2604.5999999979585, -1.8424600000017943, 0.4738100000019341, 18.873000000030338, 18.925000000447056, 15.355000000383257, 48.259399999944776, 2.389949999999884, 0.4738100000019341, 1e-07           
118             , 11.869400000016906, -12910.400000016865, 10.617259999998186, 0.9693800000036557, 36.06300000014162, 35.671000000458974, 31.010000000053495, 41.67639999996808, -4.065829999999431, 0.9693800000036557, 1e-07           
119             , 21.87220000001572, -25420.19999999923, 20.53582999999963, 0.9219699999979403, 38.65100000000066, 37.91100000039016, 35.127000000412245, 5.531700000005468, -10.428039999999667, 0.9219699999979403, 1e-07           
120             , 15.736200000004974, -16551.800000002004, 13.740370000004527, 0.6306499999997328, 57.42799999985948, 56.914000000074516, 46.669000000054695, -24.827900000079506, -8.105310000000067, 0.6306499999997328, 1e-07           
121             , 4.312599999993505, 206.60000000560785, 0.9424999999983058, 0.5225600000109687, 96.58400000001066, 96.49200000017011, 69.77700000021514, -44.62380000000432, -2.0480599999999143, 0.5225600000109687, 1e-07           
122             , 1.3148000000198778, 6801.900000006356, -3.7236599999962428, 0.6459000000125226, 144.3070000001212, 144.34900000026562, 98.06900000020048, -65.75960000004821, 0.4160999999983442, 0.6459000000125226, 1e-07           
123             , 7.555800000010049, 2460.299999995641, 0.4023300000013247, 0.8565100000079706, 204.97999999979922, 204.84100000051077, 134.94500000044152, -97.7667000000293, -1.3729599999999857, 0.8565100000079706, 1e-07           
124             , 3.6529000000187772, 1238.5999999864339, 0.16529999999868872, 0.30346999999736335, 99.93699999988337, 99.870000000446 , 59.74000000019686, -74.56360000004936, -0.5203199999982353, 0.30346999999736335, 1e-07           
125             , -42.039100000001994, 19453.499999997348, -21.962320000002563, -2.5931499999902465, -575.6579999999234, -574.5409999996509, -397.09700000001294, 162.6487999999149, 12.732010000000502, -2.5931499999902465, 1e-07           
126             , -0.8241000000117071, 2061.500000003491, -1.4306299999950618, 0.17801000000428058, 17.352999999720176, 17.393000000254233, 14.464000000491417, 47.38980000001947, 1.567509999998891, 0.17801000000428058, 1e-07           
127             , 11.379100000007137, -12360.800000017492, 10.169009999998202, 0.2865999999997204, 34.852999999945844, 34.47600000039408, 30.70900000012866, 41.28489999991048, -5.856739999999042, 0.2865999999997204, 1e-07           
128             , 20.536700000017838, -23699.49999998511, 19.181480000003347, -0.06732999999550793, 39.16599999986836, 38.47300000026088, 35.7340000001205, 6.309799999992816, -12.322690000001087, -0.06732999999550793, 1e-07           
129             , 14.722800000012416, -15273.20000000998, 12.728850000004455, -0.468800000000269, 57.35499999992566, 56.87600000026105, 48.28400000045363, -23.454300000086416, -8.850540000001663, -0.468800000000269, 1e-07           
130             , 4.260300000002992, 110.80000000163182, 0.98658999999994, -0.4333899999986457, 93.82100000010496, 93.73000000034715, 73.14800000046695, -43.39929999999659, -1.631449999999271, -0.4333899999986457, 1e-07           
131             , 1.7986000000122515, 5939.999999995393, -3.0911299999953488, -0.009170000002389767, 140.0569999998602, 140.07900000001516, 105.62500000033116, -65.03720000008984, 0.9861200000018181, -0.009170000002389767, 1e-07           
132             , 7.917600000004188, 1781.7999999891754, 0.8955699999993461, 0.4929799999990603, 201.2229999998061, 201.06900000038675, 150.01700000016882, -97.47690000005971, -1.416519999999401, 0.4929799999990603, 1e-07           
133             , 3.8521999999943657, 957.7000000149383, 0.38170000000135873, 0.10576999999803438, 99.44799999994648, 99.37400000048503, 71.02900000000024, -74.75960000002947, -0.5457200000008253, 0.10576999999803438, 1e-07           
134             , -41.37609999999709, 19260.000000009826, -21.68341000000247, -2.787319999999344, -564.6470000003623, -563.5459999997483, -432.4340000000371, 160.93199999997478, 15.243170000001777, -2.787319999999344, 1e-07           
135             , -0.4718999999792084, 1500.7000000011317, -1.0097900000026472, 0.1022300000035059, 15.395999999889831, 15.421000000293006, 12.936000000074444, 46.193900000018886, 0.8336599999995281, 0.1022300000035059, 1e-07           
136             , 10.689900000020181, -11608.500000015454, 9.550860000000563, 0.12829999999908193, 32.804999999802575, 32.451000000488506, 29.703000000158575, 40.72229999999011, -7.2739200000001425, 0.12829999999908193, 1e-07           
137             , 18.8187999999867, -21537.599999987833, 17.469970000003055, -0.31790999999170566, 38.95300000000823, 38.32000000036917, 36.17499999997165, 7.305299999926795, -13.600659999998996, -0.31790999999170566, 1e-07           
138             , 13.462400000018027, -13707.099999997752, 11.485139999999756, -0.7899799999919188, 56.85699999979921, 56.421000000361765, 50.169000000432895, -21.745900000008646, -9.215779999999404, -0.7899799999919188, 1e-07           
139             , 4.219200000002421, -32.09999999143065, 1.0615500000039912, -0.7523000000037028, 90.49799999993891, 90.40600000009836, 76.53100000004632, -41.84690000005875, -1.3025199999995574, -0.7523000000037028, 1e-07           
140             , 2.3816999999981547, 4881.999999994946, -2.317339999995116, -0.2549900000002603, 134.60500000006536, 134.60400000053775, 112.64900000029776, -63.90460000005316, 1.2439199999995239, -0.2549900000002603, 1e-07           
141             , 8.304200000003314, 965.0999999877286, 1.477249999999597, 0.3449000000009528, 195.6429999999676, 195.4720000002519, 164.35199999997874, -96.65170000006107, -1.6987699999991557, 0.3449000000009528, 1e-07           
142             , 4.069900000000515, 612.8000000060752, 0.6407999999982067, 0.003560000003122177, 98.2690000000952, 98.18700000052694, 82.13300000003976, -74.65410000004336, -0.6697699999995421, 0.003560000003122177, 1e-07           
143             , -40.39139999998526, 18941.300000001604, -21.250500000001907, -2.9749099999913655, -548.8279999998902, -547.7529999997621, -466.1189999999316, 158.27939999990548, 17.73445000000009, -2.9749099999913655, 1e-07           
144             , -0.12309999998516563, 926.7000000079406, -0.5819999999989722, 0.01980000000761928, 13.139999999745022, 13.153000000265536, 10.906000000310279, 44.65469999992422, 0.06347999999788134, 0.01980000000761928, 1e-07           
145             , 9.85790000001402, -10704.799999992078, 8.807350000000769, -0.0012699999905885218, 30.255999999839744, 29.930000000066848, 28.267000000137266, 39.88259999990196, -8.356990000000543, -0.0012699999905885218, 1e-07           
146             , 16.809899999990776, -19039.99999999684, 15.486789999999765, -0.5152499999924731, 38.18200000005323, 37.61900000009977, 36.506000000158245, 8.349900000037547, -14.187949999998514, -0.5152499999924731, 1e-07           
147             , 12.021299999991076, -11949.700000002395, 10.08295000000381, -1.0506199999912869, 55.71699999984414, 55.331000000102826, 51.81399999998337, -19.759599999974455, -9.18014999999866, -1.0506199999912869, 1e-07           
148             , 4.17030000001567, -218.60000000373248, 1.1604499999991191, -1.0284699999973945, 86.26499999997428, 86.17200000005099, 79.07400000006781, -39.90260000003021, -1.1176000000012039, -1.0284699999973945, 1e-07           
149             , 3.0001999999987317, 3703.299999990861, -1.4629899999958618, -0.5011000000013088, 127.86300000011686, 127.83600000010331, 118.29399999996326, -62.274700000086725, 1.1287799999998989, -0.5011000000013088, 1e-07           
150             , 8.682299999993038, 57.499999996935 , 2.1108800000047694, 0.15849999999983932, 188.3320000001243, 188.14400000011224, 176.99199999998694, -95.22620000007588, -2.2619199999997233, 0.15849999999983932, 1e-07           
151             , 4.3171999999924715, 196.9999999928973, 0.9493500000012922, -0.1524299999937362, 96.51900000018365, 96.4270000003431, 92.71300000002203, -74.24820000004328, -0.9570100000010421, -0.1524299999937362, 1e-07           
152             , -39.09260000000553, 18522.59999999717, -20.68057000000241, -3.229209999990046, -527.9340000002852, -526.8909999994743, -495.15199999961015, 154.59420000002444, 20.054620000001247, -3.229209999990046, 1e-07           
153             , 0.2975000000168815, 254.89999998740132, -0.0781899999954816, -0.08977999999687514, 10.764999999746117, 10.761000000525378, 8.58400000025572, 42.62679999991748, -0.8778800000006429, -0.08977999999687514, 1e-07           
154             , 8.922599999995617, -9682.099999999138, 7.967529999999834, -0.17070999999008185, 27.503999999733963, 27.209000000305572, 26.57200000033555, 38.509499999950236, -9.12718000000215, -0.17070999999008185, 1e-07           
155             , 14.52740000001257, -16226.800000005427, 13.248179999997973, -0.7562199999880392, 36.88599999995823, 36.40100000035229, 36.503999999992764, 9.243199999980911, -13.984869999998997, -0.7562199999880392, 1e-07           
156             , 10.402799999996438, -10037.599999996872, 8.54487000000008, -1.3465099999929175, 53.38699999968277, 53.056000000051284, 52.32600000015797, -17.450400000007527, -8.671420000001817, -1.3465099999929175, 1e-07           
157             , 4.077699999986695, -443.6000000040963, 1.2715200000019966, -1.337290000003738, 80.43099999965887, 80.33700000020794, 79.59800000012507, -37.33270000000344, -1.0410199999992888, -1.337290000003738, 1e-07           
158             , 3.5887000000150993, 2463.100000014151, -0.5794400000005279, -0.8005899999885546, 119.4230000001184, 119.37000000017406, 121.43700000022406, -59.84560000005246, 0.6947699999993937, -0.8005899999885546, 1e-07           
159             , 8.996100000005503, -888.6999999901946, 2.751620000003216, -0.11026999998872689, 178.97599999983083, 178.77100000007752, 186.6710000003602, -92.86060000002206, -3.0494600000013916, -0.11026999998872689, 1e-07           
160             , 4.592600000019598, -291.09999999832326, 1.307940000003921, -0.40869000000193223, 94.14200000001927, 94.03900000037879, 102.37300000048855, -73.35800000007886, -1.4268900000013325, -0.40869000000193223, 1e-07           
161             , -37.38220000000514, 17969.499999992422, -19.92894999999599, -3.589669999998213, -500.4479999998202, -499.4479999997914, -515.5359999997611, 149.38039999995434, 22.020669999999257, -3.589669999998213, 1e-07           
162             , 0.807899999989703, -520.6000000157474, 0.5094400000026783, -0.2352100000012347, 8.562000000100767, 8.539000000418184, 6.337000000300463, 39.907899999913624, -2.0319199999993542, -0.2352100000012347, 1e-07           
163             , 7.8851999999948745, -8535.000000016169, 7.028420000000993, -0.4348699999927319, 24.67399999983577, 24.413000000444995, 24.64800000046008, 36.296899999926914, -9.542100000000872, -0.4348699999927319, 1e-07           
164             , 12.012099999993143, -13167.29999999211, 10.80546000000078, -1.1002899999966453, 34.76299999971566, 34.36500000009168, 35.60000000013552, 9.767299999907664, -12.962669999998234, -1.1002899999966453, 1e-07           
165             , 8.6365999999935 , -8044.600000012281, 6.922190000004797, -1.7153099999937804, 49.24600000011381, 48.974000000368 , 50.68500000038334, -14.790700000044676, -7.691129999998388, -1.7153099999937804, 1e-07           
166             , 3.909199999992119, -702.6000000109889, 1.3840000000035768, -1.707529999998847, 72.37999999964995, 72.28700000028176, 76.91000000031868, -33.85920000001374, -1.0285300000014916, -1.707529999998847, 1e-07           
167             , 4.061499999999385, 1232.5999999873716, 0.2697799999975409, -1.1888599999940186, 108.65199999987585, 108.57600000024892, 120.58900000000428, -56.11870000005182, 0.05485999999763069, -1.1888599999940186, 1e-07           
168             , 9.142500000010322, -1796.6000000058102, 3.3281799999979045, -0.5172799999973721, 166.6610000000679, 166.44300000034917, 191.27700000010074, -88.85999999999616, -3.939560000000911, -0.5172799999973721, 1e-07           
169             , 4.863700000003191, -833.2999999893786, 1.6976199999994142, -0.8526499999973736, 90.74999999969525, 90.63500000017211, 110.20600000022363, -71.53770000004056, -2.0866700000017615, -0.8526499999973736, 1e-07           
170             , -35.04620000000652, 17168.00000000518, -18.875019999996248, -4.141309999997067, -463.6930000001538, -462.75200000001075, -521.5059999996719, 141.70639999991354, 23.285099999999225, -4.141309999997067, 1e-07           
171             , 1.3379999999965642, -1286.6000000144595, 1.0963399999994183, -0.45476000000432837, 6.942999999925981, 6.900000000253925, 4.73300000025656, 36.05049999994004, -3.3199600000003926, -0.45476000000432837, 1e-07           
172             , 6.683700000016668, -7184.299999991595, 5.927540000002368, -0.8841900000014502, 21.76999999992102, 21.54900000050919, 22.47000000010768, 32.78499999995188, -9.455719999999085, -0.8841900000014502, 1e-07           
173             , 9.363199999987138, -10017.500000003565, 8.27602000000316, -1.6260700000034212, 31.295999999847446, 30.988000000453653, 33.007999999945525, 9.659600000017088, -11.205159999999603, -1.6260700000034212, 1e-07           
174             , 6.812900000020828, -6114.799999998866, 5.322850000002988, -2.191369999991061, 42.78799999979377, 42.57600000001638, 45.95300000020952, -11.792100000074246, -6.338669999998888, -2.191369999991061, 1e-07           
175             , 3.632399999987934, -982.0000000004825, 1.4819099999983238, -2.1523099999996855, 61.645000000165595, 61.55500000049052, 69.8870000004348, -29.146900000082134, -0.9978799999981955, -2.1523099999996855, 1e-07           
176             , 4.289499999990398, 110.4000000040628, 0.9941000000002892, -1.693399999998929, 94.44400000002685, 94.3520000001863, 113.51500000034154, -50.24530000008465, -0.5770500000014043, -1.693399999998929, 1e-07           
177             , 8.92360000000897, -2552.599999994243, 3.7240699999989415, -1.1499200000021637, 149.05100000017768, 148.83000000021073, 186.49900000000665, -81.70410000007955, -4.699749999999107, -1.1499200000021637, 1e-07           
178             , 5.028399999995603, -1393.000000007305, 2.0714700000017823, -1.6678900000011154, 84.76300000004322, 84.63900000033054, 113.40600000020463, -67.5090000000489, -2.9365700000014496, -1.6678900000011154, 1e-07           
179             , -31.562599999979124, 15806.40000000244, -17.20426000000226, -5.05219000000029, -411.7200000003374, -410.8689999998694, -502.0389999998987, 129.42379999991704, 23.078400000001167, -5.05219000000029, 1e-07           
180             , 1.7381000000024627, -1834.0000000094392, 1.52104000000243, -0.8003699999981073, 6.24700000007028, 6.190000000350082, 4.3720000003633075, 29.745199999903218, -4.477710000001626, -0.8003699999981073, 1e-07           
181             , 5.21770000001115, -5508.399999989422, 4.56777000000172, -1.721109999987952, 18.702999999842262, 18.53200000012656, 19.92100000014485, 26.862299999930173, -8.621430000002075, -1.721109999987952, 1e-07           
182             , 6.684900000011873, -6930.300000007605, 5.776670000002399, -2.610289999999821, 26.124999999987963, 25.907000000269242, 28.177000000462193, 8.444899999987543, -8.819030000001803, -2.610289999999821, 1e-07           
183             , 5.001599999998607, -4344.299999985424, 3.821509999999903, -3.0517299999879843, 33.88200000009611, 33.72700000003892, 37.65900000007871, -8.457000000017256, -4.70329000000231, -3.0517299999879843, 1e-07           
184             , 3.1602999999921777, -1196.8000000095458, 1.4931300000055325, -2.893619999999597, 47.79600000004436, 47.71500000000373, 57.343000000043 , -22.617100000066337, -0.7996700000009044, -2.893619999999597, 1e-07           
185             , 4.047900000019034, -750.6000000034874, 1.4468800000038557, -2.504099999994791, 74.55599999983687, 74.46000000022046, 96.05800000034304, -40.53910000009764, -0.910240000001443, -2.504099999994791, 1e-07           
186             , 7.91199999999187, -2958.500000005415, 3.715740000001869, -2.2804399999951097, 120.30299999965521, 120.10000000006738, 162.18900000031235, -67.72350000003314, -4.9654899999997815, -2.2804399999951097, 1e-07           
187             , 4.808699999997446, -1904.9999999865008, 2.3219800000025965, -3.2589399999970183, 71.29599999988746, 71.17100000009202, 103.47600000015778, -57.56290000005771, -4.007469999998438, -3.2589399999970183, 1e-07           
188             , -25.482599999987478, 13001.499999987233, -14.033200000001036, -6.48641999998964, -328.3110000001921, -327.62099999972264, -429.66599999971766, 106.45289999999808, 19.47092000000039, -6.48641999998964, 1e-07           
189             , 1.5856999999869226, -1686.7000000075905, 1.3956900000045709, -1.1474699999902693, 5.470999999701576, 5.41800000031234, 4.573000000340777, 17.83549999995193, -4.281779999999562, -1.1474699999902693, 1e-07           
190             , 3.268400000019933, -3287.0000000073674, 2.7639399999973557, -3.069049999988166, 14.503999999915251, 14.398000000026556, 16.174999999951645, 15.921699999948968, -6.225090000001703, -3.069049999988166, 1e-07           
191             , 3.8314000000080894, -3722.800000005577, 3.162440000000974, -4.7161499999899545, 19.223999999651298, 19.10200000010409, 21.546000000260968, 5.055700000033969, -5.497120000000529, -4.7161499999899545, 1e-07           
192             , 2.9647000000104784, -2427.8000000066413, 2.1775300000029945, -5.392530000002116, 22.59299999973763, 22.504000000145297, 25.932000000117306, -4.750500000039182, -2.7384499999994625, -5.392530000002116, 1e-07           
193             , 2.111599999993219, -965.8999999828666, 1.0966100000026764, -4.996120000003157, 29.102999999919277, 29.04700000028182, 36.164000000171725, -13.056100000019555, -0.46534000000108405, -4.996120000003157, 1e-07           
194             , 2.72780000001166, -907.1999999932245, 1.2139300000022641, -4.327619999994203, 43.39999999991573, 43.33100000031287, 58.547000000297444, -23.66340000004019, -0.8320300000017045, -4.327619999994203, 1e-07           
195             , 5.014000000018449, -2327.800000010427, 2.624310000004515, -4.166270000001416, 68.51899999993361, 68.38500000050374, 97.55599999994314, -39.65059999999632, -3.9951799999998414, -4.166270000001416, 1e-07           
196             , 3.330499999988634, -1823.7999999826116, 1.9083700000029764, -5.161689999987757, 40.78199999979493, 40.691000000037114, 62.96399999994318, -34.12229999999461, -4.430310000000208, -5.161689999987757, 1e-07           
197             , -14.10779999998918, 7164.599999995858, -7.749559999999101, -6.883359999990819, -182.32300000031734, -181.94099999979676, -252.03199999990213, 60.64719999990254, 9.844619999997695, -6.883359999990819, 1e-07           
